production_companies,title
New World Pictures,860
Hollywood Media Bridge|Zero Gravity Management|ChickFlick Productions,3
Warner Bros. Pictures|Franchise Pictures,505
Icon Productions|Sobini Films,348
Beograd Film,1
Pandora Filmproduktion|BOB Film Sweden AB|4 1/2,17
Trilogy Films|Big Mouth Productions|Cedar Creek Productions,2
Onyx Films|Morocha Films|Big World|Polar Films,4
Australian Broadcasting Corporation|Television New Zealand,214
Eagle Pictures|The Safran Company|Ministero per i Beni e le Attività Culturali (MiBAC)|Roxbury|SUN FILM|Mine Canarias,25
Quorum Films,30
Arts Council of England|National Lottery|Gruber Bros.|Tomboy Films|Winchester Multimedia PLC,675
Gaumont|TF1 Films Production|S.F.P.C.,7
Death Awaits Cinema|Twin Engine Films|Pink Buffalo Films,91
Kultkino,3
Scotti Brothers Pictures|International Video Entertainment (IVE),44
PM Entertainment Group,1
Columbia Pictures Corporation|Relativity Media,480
MK Film Productions S.r.l.,32
Universal Pictures|Playboy Enterprises|Jennings Lang,1
Toho Company,1250
Madhouse,33
Insomnia Entertainment,13
Diversa Audiovisual,1
"the young girl soon discovers the real-life horrors of Argentina's relatively recent past and the nightmare that claimed tens of thousands of lives during the country's \"\"\\\"\"dirty war.\"\"\\\"\"\\\"\"\"\"0.783709/3sX64gQz3lo9OOX0hyD8fZ1KRLs.jpg,5,,,21616,7.7,,,,",0
Projektions A-G Union (PAGU),82
Lo Wei Motion Picture Company,9
(주)로드픽쳐스,11
United Artists|Bel-Air Productions,5
La Parti Production|Made in Productions|Beast Productions|Gebeka Films|Les Films du GrognonRTBF|Les films du grognon|RTBF,187
Star Media,1
Johnson Production Group|The Hallmark Channel,7
Canadian Film Development Corporation (CFDC)|Impact Films|Quadrant Films,86
Mattel Playground Productions,9
Double Feature Films|Jersey Films|1984 Private Defense Contractors|Cross Creek Pictures|Exclusive Media Group|Traveling Picture Show Company (TPSC)|Free State Pictures|Da Vinci Media Ventures,553
Oil Factory|Filmfour|British Screen Productions|Sleeper Films|Bozie,25
Zee Talkies,3
Walter Wanger Productions,2
United Artists|Metro-Goldwyn-Mayer (MGM),79
Mrinal Sen Productions,3
Jim Henson Pictures|Metro-Goldwyn-Mayer (MGM),92
40 Acres & A Mule Filmworks,83
Powercorp,19
CB Films|Canal+|La Sept Cinéma|Centre National de la Cinématographie (CNC)|Dacia Films,2
Appian Way|Warner Bros.|Pearl Street Films,144
Lone Star Corporation,30
Full Moon Entertainment,4
Faso Film|Beyond Infinity|Taryn Productions Inc.,3
Rainmaker Entertainment|Blockade Entertainment|Sony Computer Entertainment,70
Sveriges Television (SVT)|Louverture Films|Story AB,27
New Line Cinema|SC Entertainment,3351
Eve Productions|Panamint Film,3
New Line Cinema,12521
Trimark,25
Universum Film (UFA),4
Toho Company|PSC,264
Concorde-New Horizons,1
Soyuzmultfilm,183
Gordonstreet Pictures|Equity Pictures Medienfonds GmbH & Co. KG|Garlin Pictures,18
Columbia Pictures Corporation|Morningside Productions,1662
Walt Disney Pictures|LivePlanet|Prana Studios|Sean Bailey Productions|Revolution Sun Studios|Kontsept Film Company,5197
La Petite Reine|Studio 37|Canal+|Ciné+,188
Wayne-Fellows Productions|Warner Bros.,9
Coop 99|Österreichischer Rundfunk (ORF)|ARTE|Bayerischer Rundfunk (BR)|Starhaus Filmproduktion,55
Sycamore Pictures,34
Rome Paris Films,3
Woodfall Film Productions,144
"\" as a gaggle of beloved stereotypes pursue \"\"\\\"\"that rarest of radioactive elements - atmospherium.\"\"\\\"\"\\\"\"\"\"2.073869/95atRe931dzznTIIFzDi4yiXgjs.jpgFragmighty|Transom Films|Valenti Entertainment,4.5,2002,\"Lost Skeleton of Cadavra",20
"France 2 Cinéma|Gullane Filmes|Le Pacte|Canal+|Telecine|Globo filmes|Media Programme of the European Community|Biloba|Tetra Pak|ANCINE/Ministério da Cultura, Fundo Setorial do Audiovisual|Banco da Amazônia|CNC - Nouvelles Technologies en Production|FINEP/Ministério da Ciência, Tecnologia e Inovacão|GDF Suez|La Procirep-Angoa|Natura",3
Warner Bros. Animation,6
Trilogy Entertainment Group|RCR Media Group|Solar Filmworks,65
Twentieth Century Fox Film Corporation|Fox 2000 Pictures|Josephson Entertainment|MBC Beteiligungs Filmproduktion,1351
Sverdlovskaya Kinostudiya,2
Filmwerx77|Left Films,6
Emmett/Furla Films|PalmStar Media|Remark Films,56
Bac Films|VideoFilmes|Haut et Court|Dan Valley Film AG,129
Paramount Pictures|Hal Wallis Productions,6
Talía Films|Les Films Corona|Época Films S.A.|Selenia Cinematografica,113
Five Star Production,2
Filmax Group|Castelao Pictures|Somnium Films,16
Columbia Pictures|Happy Madison Productions|Relativity Media,1673
"\\Zespol Filmowy \"\"\\\"\"Pryzmat\"\"\\\"\"\\\"\"\"\"51976Brunet Will Call (Brunet wieczorowa pora),81223,6.3,,,,,,,",0
Fu Works|Submarine|OneBigAgency,1
"\\Zespól Filmowy \"\"\\\"\"Kadr\"\"\\\"\"\\\"\"\"\"2.51988On the Silver Globe (Na srebrnym globie),27072,8.5,,,,,,,",0
Dania Film,4
Universal Pictures|The Filmakers Group,765
Dor Film Produktionsgesellschaft GmbH|Ceská Televize|Österreichischer Rundfunk (ORF)|Barrandov Studios|Total HelpArt T.H.A.|ALEF Film & Media Group,168
FOZ|Wild Bunch|Mars Distribution|Mandarin Films Distribution Co.|Canal+|France Télévision|Scope Pictures|France 2 Cinéma,121
Whitewater Films,834
Rainfall Films,8
Studio Canal,165
Twentieth Century Fox Film Corporation|Academy Pictures Corporation,52
icon,2701
Sveriges Television (SVT)|Matila Röhr Productions (MRP)|Yleisradio (YLE)|Eyeworks|Film i Väst,11
Algonquin,3
Bedford Pictures Inc.|Levy-Gardner-Laven,2
Leonard Hill Films|Brainstorm Media,8
Peoples Productions|Revision Studios|Wey-Man Productions,2
Shapiro-Glickenhaus Entertainment,10
The Made Bed Productions|Nomadic Independence Pictures|Jagjaguwar,27
Les Films Pomereu|Gaumont International,22
Rainbow Productions,7
Oriental International Films,101
Sick-the Life and Death of Bob Flanagan-Supermasochist,32
UniKorea Pictures|Dream Venture Capital|East Film Company,69
"his sneaky business associate Maurice secretly misappropriates the villa as a hotel while Talbot is away. The current guests of the \"\"\\\"\"hotel\"\"\\\"\" are a group of young American girls.\"\"\"\"0.905633/lfowfGKFlzKPjcxf7NwwqQ5cRmV.jpg,Universal International Pictures (UI)|Raoul Walsh Enterprises,3.5,1961,Come September,22386,6.9,,,,",0
La Fabrique de Films|Telecinco Cinema,292
ARP Sélection|TF1 Films Production|Canal+|TPS Star,2
NFL Films|Intersport Television,5
Walt Disney Studios Home Entertainment|Key Pix Productions|Keystone Entertainment|Santa Buddies Productions,19
"or go with five mates (and a stripper) to play \"\"\\\"\"Zomball\"\"\\\"\" at a top secret military compound where you get to shoot zombies with huge stun guns. Disobeying the golden rule of Zomball ('never never humiliate a zombie') the stags face overwhelming odds from the massed undead and each stag is hunted down. The truth about Zomball is finally revealed and suddenly the mother-in-law is the least of Dean's problems....\"\"\"\"0.650044/saigUp9qUWyt5WfiDAChpFKt7js.jpg,,0.5,2010,Stag Night of the Dead,56554,3.8,,,,",0
China Star Entertainment|Milky Way Image Company|One Hundred Years of Film Company,100
Mercury|Filmsonor|Dear Film Produzione,2
Z-M Productions,27
3311 Productions|In A World|Team G|More Films,411
Newmarket Films,4647
Planet Film Productions,5
Gaumont|Samsa Film|Canal+|CinéCinéma|Radio Télévision Belge Francophone (RTBF)|Artémis Productions|Bankable|La Sofica Cofinova 4|Film Fund Luxembourg|Cofinova 4,429
StudioCanal|M6 Films|Les Productions du Trésor|TF1 Films Production,12
Instinct Entertainment,1
Universal Pictures|Scott Rudin Productions|Legendary Pictures|The Mark Gordon Company|Management 360|Cloud Eight Films,1142
Schramm Film Koerner & Weber|Arte|Tempus|Westdeutscher Rundfunk (WDR)|Bayerischer Rundfunk (BR),126
The Massive Film Company,6
"The)\"",0
"\\Zespól Filmowy \"\"\\\"\"Kadr\"\"\\\"\"\\\"\"\"\"41988On the Silver Globe (Na srebrnym globie),27072,8.5,,,,,,,",0
Action International Pictures,2
Imagine Entertainment|Universal Pictures,23185
United Artists|The Criterion Collection,1914
A.J. Films,7
Warner Brothers/Seven Arts,105
Fox Film Corporation,29
Centerstage Productions,6
EMI Films Ltd.,146
Bullet Films,3
Slotint|Phoenix,2
Fuel Entertainment|Lost Junction Films,2
"\\Zespól Filmowy \"\"\\\"\"X\"\"\\\"\"\\\"\"\"\"21981A Woman Alone,42983,5,,,,,,,",0
Rai 2|Erre Produzioni|Alia Film,17
Regency Enterprises|Inferno International|1984 Private Defense Contractors|Closest to the Hole Productions|New Regency Pictures|Emmett/Furla Films|Envision Entertainment Corporation|Black Bear Pictures|Leverage Communications,254
Bulgarian National Television|Bulgarian National Film Center|Miramar Film,24
Alliance Films,9
Lux Vide,1
Triggerfish Animation,19
"\" she learns that there are definite advantages in performing \"\"\\\"\"good deeds\"\"\\\"\" as the Little White Dragon.\"\"\"\"1.00155/8kCPPtpeNDH27Jqhxt5Ci8S1jqt.jpg,China Film Co-Production Corporation,2.5,2004,\"White Dragon",11
but painfully introverted individual,2
Universal Pictures|Dark Horse Entertainment|Lawrence Gordon Productions|Mid Atlantic Films|Relativity Media|Internationale Filmproduktion Eagle,4900
i5 Films|Headquarters,368
Columbia Pictures|New Line Cinema|Castle Rock Entertainment,757
PolyGram Filmed Entertainment,11795
Columbia Pictures|Castle Rock Entertainment|Relativity Media|Banter,403
MK2 Production|BiBi Film|The Antria Group (TAG),216
Film Finance Group|The New South Wales Film and Television Office|Paradigm Hyde Films,445
Summertime Films|Her Best Move LLC,3
GFT Action Films Inc.,2
Schramm Film Koerner & Weber|ARTE|Bayerischer Rundfunk (BR),25
New Line Cinema|Warner Bros.|Metro-Goldwyn-Mayer (MGM)|Pacific Standard,293
Twentieth Century Fox Film Corporation|Greenestreet Films|Cobalt Media Group|Furthur Films|Forrest Films,759
Renn Productions|films A2|Timothy Burrill Productions|Grai Phang Film Studio,365
Decla-Bioscop AG|Universum Film (UFA),31
Abra Producciones|Departamento de Cultura del Gobierno Vasco|ICAA|ETB,2
RKO Radio Pictures|Sam Wiesenthal Productions,1
Capital Film,92
Canal Plus|Sogecine|Himenóptero|Eurimages|Televisión Española (TVE)|Union Générale Cinématographique (UGC)|Televisión de Galicia (TVG) S.A.|Ministerio de Cultura|Sogepaq|Eyescreen S.r.l.|Filmanova,2001
Societa Cooperativa Alfa Cinematografica,40
"RKO Radio Pictures, Inc.|Walt Disney Productions",10
National Film Development Corporation of India,2
Walt Disney Pictures|Jerry Bruckheimer Films|Technical Black|Run It Up Productions Inc.,10366
Bulletproof Productions,4
PolyGram Filmed Entertainment|Warner Bros.,11569
Park Ex Pictures|Sortie 22,177
The Rank Organisation,9
3,76
Rupam Chitra,3
Columbia Pictures Corporation|Price Entertainment,3853
Silent Films Inc.,3
Centre National de la Cinématographie|Backup Films|Fonds Sud Cinéma|Illuminations Films|Ministère de la Culture et de la Communication|TIFA|Anna Sanders Films|Kick the Machine|French Ministry of Foriegn Affairs|New Crowned Hope,59
"\"\\Canal+|Zespól Filmowy \"\"\\\"\"Tor\"\"\\\"\"|Norsk Film|Sidéral Productions\"\"\"\"41991,\"Double Life of Veronique",660
Twentieth Century Fox Film Corporation|Dune Entertainment III|Earth Canada Productions|Hammerhead Productions|3 Arts Entertainment,2179
Magnolia Pictures,1396
Vnesheconombank|Nutcracker Holdings|HCC Media Group|Russian Roulette Ltd.,8
Universal Pictures|Original Film|One Race Films,732
Fridthjof Film,3
Zeitman-Landers-Roberts Productions,4
Voltage Pictures|Ram Bergman Productions|HitRecord Films,1751
Karé Productions,4
Ibérica Filmes,14
Jadran Film|Rialto Film Preben-Philipsen,3
Universal Pictures|Sean Daniel Company|Secret Hideout,620
Наше Кино,9
Procirep|Canal+|One World Films|Pathé|Ciné+|Centre National de la Cinématographie (CNC)|Media Programme of the European Community|Backup Media|Cinémage 8|Indéfilms 2|Perceval Pictures|Kaléo Films|Jouror Développement|B Media 2012|SofiTVCiné|Dévelopimage 2|Ciclic - Région Centre,32
Home Box Office (HBO)|CR Enterprises|Production Partners,77
The Movie Network (TMN)|Syfy|Cinetel Films|Movie Central Network|Super Écran|Reel One Pictures|National Bank of Canada TV and Motion Picture Group,11
CJ Entertainment|REALies,34
Pathe Communications|Pathe|Eurowide Film Production,21
Lea Film,22
MANIFOLD PICTURE,3
"\\[{'name': \"\"\\\"\"Les Films d'Ici\"\"\\\"\"\"\"42013,Age of Uprising: The Legend of Michael Kohlhaas (Michael Kohlhaas),186971,,,,,,,,",0
Rhombus Media,97
59 Films,0
Dauntless Productions,2
Capitol Films|Linsefilm|Unity Productions|Michael Cerenzie Productions|Funky Buddha Productions,1685
Twentieth Century Fox Film Corporation|Fox 2000 Pictures|ETIC Films|Heyday Films|Engulf & Devour Productions Inc.,1729
"\\Zespol Filmowy \"\"\\\"\"Pryzmat\"\"\\\"\"\\\"\"\"\"3.51976Brunet Will Call (Brunet wieczorowa pora),81223,6.3,,,,,,,",0
Shaw Brothers,15
Flight 33 Productions,28
"\"\\Canal+|Zespól Filmowy \"\"\\\"\"Tor\"\"\\\"\"|Norsk Film|Sidéral Productions\"\"\"\"51991,\"Double Life of Veronique",494
Instituto Nacional de Cine y Artes Audiovisuales (INCAA),9
First National Productions,17
Filmové Studio Barrandov|Ceskoslovenský Státní Film,8
Associated British-Pathé,2
Mikado Film|Lenfilm Studio|Adventure Pictures,1432
New South Wales Film & Television Office|Pacific Film and Television Commission|Screen Australia|The Silence Productions|Lucky Country Productions,46
"his sneaky business associate Maurice secretly misappropriates the villa as a hotel while Talbot is away. The current guests of the \"\"\\\"\"hotel\"\"\\\"\" are a group of young American girls.\"\"\"\"0.905633/lfowfGKFlzKPjcxf7NwwqQ5cRmV.jpg,Universal International Pictures (UI)|Raoul Walsh Enterprises,2.5,1961,Come September,22386,6.9,,,,",0
Hammer Film Productions|EFTI|Exclusive Media Group|Overture Films,1173
Glass Eye Pix|Predestinate Productions,22
Les Films Alyne,13
Beco Films|Morgan Creek Productions,182
Walt Disney Productions,9388
an Eastern European circus artist family that fled to the West. If they want to stay in the circus business they have to make up an exotic act. The mother spends all their money to buy a very dangerous act: hanging by her hair high up in the dome of the circus while juggling with burning torches. Every night Aglaja is terrified by the fear of losing her mother. But,0
A Million Monkeys|Melbourne Film Office|Molloy Boy Productions|Showtime Australia,70
Hallmark Entertainment|Showtime Networks,77
\Pandora Filmproduktion|Wild Bunch|Canal+|Arte France Cinéma|Ciné+|ZDF/Arte|Région Ile-de-France},0
Boku Films|Compound B,11
Svensk Filmindustri (SF),236
Europa Film,71
Open Road Films|Gulfstream Pictures|Red Rover International|ToonBox Entertainment,146
Balkan Film|Maxima Film|Biberche|Tivoli Film Produkcio,7
SarcoFilms,1
Balcor Film Investors|MPI|Bima,55
Nova|Greek Film Center|2/35|Highway Productions|Lamisalia,9
Iervolino Entertainment|Red Carpet|Camaleo,1
Moreover,0
Nettlefold Films,1
Regency Enterprises|The Kennedy/Marshall Company|Ubisoft|CatchPlay|New Regency Pictures|Latina Pictures|RatPac Entertainment|Monarchy Enterprises S.a.r.l.|Ubisoft Motion Pictures|DMC Film|Alpha Pictures,765
Hasbro|DHX Media,40
Glass Eye Pix,168
Michaelgion,2
StudioCanal|Mutual Film Company|2929 Productions|Magnolia Pictures|Madhouse Entertainment,168
Société Nouvelle Cinévog|Dionysio Cinematografica,1
Chrysalis Films,168
Channel Four Films|October Films,151
Toledo Productions,7
Stellar Mega Films|We Productions,2
"Tokyo Eiga Co., Ltd.",2
Next Wednesday Productions|Voltage Pictures,263
Avenue Pictures Productions|Weed Road Pictures|Intermedia Films|Egmond Film & Television|Dimension Films|Outlaw Productions (I)|Mindhunters (UK) Limited|Mindhunters Productie BV|Tonna Oy|Outlaw Victoria Productions Inc.,864
North by Northwest Entertainment,29
Big Up Productions,2
Pacific Entertainment Group,21
Fine Line Features|New Line Cinema|Live Entertainment,757
Original Film,1134
"\\Zespól Filmowy \"\"\\\"\"Kadr\"\"\\\"\"\\\"\"\"\"1.51988On the Silver Globe (Na srebrnym globie),27072,8.5,,,,,,,",0
Hesperia Films S.A.|Pedro Masó Producciones Cinematográficas,3
51364,0
Casa de Cinema de Porto Alegre,12
Flora Film|Tritone Cinematografica|Zenith Cinematografica|Cedic|Rapid Film|Bercol Films,2
Stoney Lake Entertainment,113
Tommy,46
"\"\\[{'name': \"\"\\\"\"Societé d'Exploitation et de Distribution de Films (SEDIF)\"\"\\\"\"\"\"2.51938,\"Marseillaise",0
Detention Films,105
Columbia Pictures|1492 Pictures|Revolution Studios,1166
The Rank Organisation|Cinévidéo,3
Buffalo 8 Productions|Best Served Cold Productions,40
Kimura Productions,4
Artistes Alliance Ltd.|Diamond Pictures Corp.,3
Cell|Oz Company|Toei Video Company,27
\Angoa-Agicoa|Centre National de la Cinématographie|Procirep|France 3 Cinéma|Canal+|Studio Canal|CinéCinéma|Agat Films & Cie|France 3 (FR 3)},0
Yellow Bird Films,3
Fulvia Film,103
Alma Films,74
American International Pictures (AIP)|Peter Thomas Productions,87
PostPanic,6
Alcon Entertainment|Lionsgate|Phoenix Pictures|What to Expect Productions,327
Nomadic Pictures|BMG Independents,151
Intermedia Films|Kanzaman|C-2 Pictures|IMF Internationale Medien und Film GmbH & Co. 3. Produktions KG,547
Image Ten,29
NBC|Fries/Schultz Film Group,1
Finding Cinema,8
4.5,5
Thunder Perfect Mind,5
Fretboard Pictures,25
Zanzibar Films|Capital Cinéma|Open Films,5
Eurimages|Gémini Films|Cultural Ministry,4
Compass International Pictures|Falcon International Productions,8205
Sidney Kimmel Entertainment|Blumhouse Productions|Gold Circle Films|Griffin & Phoenix Productions|The Orphanage,37
Eros International|Grazing Goat Pictures Pvt Ltd,6
Stefano Film,72
Rapid Film,3
"\"\\[{'name': \"\"\\\"\"Societé d'Exploitation et de Distribution de Films (SEDIF)\"\"\\\"\"\"\"31938,\"Marseillaise",0
Dimension Films|Blue Tulip Productions,10970
Columbia Pictures Corporation|Santana Pictures Corporation,538
Darlow Smithson Productions|ITV,1
Fox Searchlight Pictures|DNA Films|BBC Films,319
Oakshire Productions|Titan International,7
Fog City Pictures|Precept Productions|Objective 49,1
Staragara,7
Miramax Films|Eagle Beach Productions,1395
American First Run Studios,3
Spark Media|Unity Productions Foundation,1
Ang Lee Productions|Good Machine|Central Motion Pictures,6538
Yalta-Film,5
Blinder Films|Chic Films|Amazon Studios|Westerly Films|Revolver Amsterdam,248
Vox3 Films|Serenade Films|Olympus Pictures|Deer Path Productions|Northwood Productions,544
Charter Film Productions,13
Bandai Visual Company|Madhouse|Shochiku Company|Kodansha|Amber Film Works|Shelty,17
A Bigger Boat|Relativity Media|FilmNation Entertainment,269
Sri Venkateswara Cine Chitra,5
"enters into a Faustian pact in which he trades his soul for a handful of \"\"\\\"\"magic\"\"\\\"\" bullets that always hit the mark. A mysterious and mythical story.\"\"\"\"0.091984/3phxETl3dV31eAbcML1pBt5x0EC.jpg,Új Budapest Filmstudió|Union Générale Cinématographique (UGC)|Vega Film,2.5,1994,Magic Hunter (Büvös vadász),172198,6,,,,",0
Sandrew Film & Teater AB,5
프로덕션M,14
Curtwel Productions|Tigon,4
Barry Katz Entertainment|LOLflix|Size Matters,1
Paramount Pictures|Wilshire Court Productions|C.N.M. Entertainment Ltd.,2
"\\Zespól Filmowy \"\"\\\"\"X\"\"\\\"\"\\\"\"\"\"31981A Woman Alone,42983,5,,,,,,,",0
Warner Bros. Animation|Hanna-Barbera|WWE Studios,12
Dutch Independent,1
ANS Production|Greek Film Center|Highway Productions|Eurimages Council of Europe|DTVR Dogan TV Radyo,17
First Floor Features|Cine II CV,6
Nordisk Film|Strix Drama AB,3
Django Film|WoWow,4
Hrvatska Radiotelevizija (HRT)|Vans|Interfilm,2
\VEB DEFA-Studio für Spielfilme},0
Agencja Produkcji Filmowej|Telewizja Polska|Studio Filmowe Zebra,6
Shemaroo|VB Pictures,14
Imperial PolyFarm Productions,42
Sandrews|Norsk Film,102
6.5,0
MTV Films,1441
Happinet Pictures|ARMS,6
The Harold Lloyd Corporation,5
New Concorde,129
VideoFilmes|Matizar,5
21 Laps Entertainment|3311 Productions|Story Ink,118
RKO Pathé Pictures,8
Argos Films,15
Aries [jp]|WEVCO Produce Company|Only Hearts Company,8
This Is That Productions|DViant Films,1
Schweizer Fernsehen|Zweites Deutsches Fernsehen (ZDF)|3Sat,1
Elton Productions,3
Palm Pictures,2
GMM Tai Hub (GTH),6
Paramount Pictures|Cruise/Wagner Productions|Vinyl Films|KMP Film Invest,1558
The Global Asylum,13
BBC|A&E Television Networks|RTL,4
JD Productions|J.S. Productions|Black Dynamite Films|Transfilm International,6
Front Street Productions|Renaissance Films|Warner Bros.,293
Unbound Feet Productions,2
Hakuhodo Inc.,1
Film Workshop,133
Itami Productions,5
WWE Studios,30
Marvel Studios,13
Sonocam|Lira Films|Fida Cinematografica,12
Beyond Films,155
ACH|Regent Productions|Christopher Filmcapital,6
Československý státní film,5
Desert Moon Pictures|Indiesyndicate Productions|JBA Productions,2
Screen Gems|Storm King Productions|Animationwerks,1570
852 Films,18
Paramount Vantage|Kevin Messick Productions|Gary Sanchez Productions,174
Trimark Pictures|Trimark,25
Coleytown,178
Tre Vänner Produktion AB,1
Ingenious Media|Broad Green Pictures|Miramax,104
Canana Films,8
Fair Film|Cecchi Gori Group,6
Mosfilm|Suomi-Filmi,30
during a wild bachelor party in Las Vegas,151
Tempo Productions Limited|Greenroom Entertainment,8
Vangard Productions|PraxiScope Productions,23
Killer Films|Film4|Number 9 Films,900
Villani Rockhill Productions|Mighty Moments Motion Pictures,1
2.5,18
Atlas Independent,17
Columbia Pictures|Amicus Productions,15
Cattleya|Moonstone Entertainment|Hotel Productions,49
Luminous Film & Video Works,1
Eon Productions,7212
Couch Potatoe Productions,108
Lumière,23
HI Film Productions|Klas Film|Endorfilm,33
Ibermedia|Vía Digital|Instituto Nacional de Cine y Artes Audiovisuales (INCAA)|Tornasol Films|Oscar Kramer S.A.|Cuatro Cabezas|Estudios Darwin|Romikin S.A.|Patricio Tobal|Editorial Capayán|Fundación Octubre|Mandarin Films S.A.|Punto B.S.R.L. Planificación y Medios|Taxi Films,83
Porchlight Films,747
Process Media,9
TriStar Pictures|Stage 6 Films|Sony Pictures Worldwide Acquisitions (SPWA)|TDJ Enterprises / New Dimensions Entertainment|Our Stories Films,27
Lighthouse Pictures,39
Rochelle Films|chateau productions|ATC 3000,6
Metropolitan Filmexport|Lion Rock Productions|Showbox,338
China Star Entertainment|Milky Way Image Company,68
Twentieth Century Fox Film Corporation|Marv Films|Marvel Entertainment|Constantin Film.|Moving Picture Company (MPC)|TSG Entertainment|Genre Films,1116
Topiary Productions|Green Fuse Films|Imperfect Films|Mystic Artists Films Productions,10
Event Film Distribution,17
Nickelodeon Movies|Paramount Animation,325
Ithaca Pictures|Anthea,94
Dribbling Pictures,5
Cannon Films|Golan-Globus Productions,1
Thanasis Vengos Tainies Geliou,1
"\\[{'name': \"\"\\\"\"Institut National de l'Audiovisuel (INA)\"\"\\\"\"\"\"2.51980,Tell Me,383914,,,,,,,,",0
Village Roadshow Pictures|NPV Entertainment|Warner Bros.|Tribeca Productions|Overbrook Entertainment|Material,1567
CJ Entertainment,4
Film and Music Entertainment (F&ME)|Creativity Capital|20 Steps Productions|Brummer & Herzog Filmproduktion,13
AVCO Embassy Pictures|New Breed Productions,2018
Odeon Film|Medusa Film|Recorded Picture Company (RPC)|Fiction Films|Navert Film,85
Harbor Productions,46
Tigon British Film Productions|Chilton Films,39
Liberty Films UK|Lunar Industries|Xingu Films|Limelight Fund,10935
CCC Filmkunst GmbH|Central Cinema Company Film,2
A-Mark Entertainment|Zide-Perry Productions|FlipZide Pictures|Project 8 Films|Parallel Media|Voodoo Production Services,12
Distribution Workshop,4
Village Roadshow Pictures|Australian Film Finance Corporation,110
P.P. Film Polski|La Sept Cinéma|Jock Film,3
Groundswell Productions|Sycamore Pictures|Sunday Night,43
Original Film|Phoenix Pictures|Canal+ Droits Audiovisuels,1264
Fida cinematografica|Compagnie Industrielle et Commerciale Cinématographique (CICC)|TC Productions|Filmel,1048
O2 Filmes|VideoFilmes|Wild Bunch|Globo filmes|Lumiere|Hank Levine Film|Lereby Productions,21558
France Cinéma Productions|Ital-Victoria Films|Consórcio Paulista de Co-Produção,1
After Dark Films,5
Centre Street Productions|Streetlight Films,29
Universal Pictures|Dentsu Inc.|Platinum Dunes|Media Rights Capital|Blumhouse Productions|Fuji Television Network|Hasbro Studios|5150 Action|White Noise Factory,250
Buffalo Gal Pictures|The Safran Company|Gold Circle Films,94
"enters into a Faustian pact in which he trades his soul for a handful of \"\"\\\"\"magic\"\"\\\"\" bullets that always hit the mark. A mysterious and mythical story.\"\"\"\"0.091984/3phxETl3dV31eAbcML1pBt5x0EC.jpg,Új Budapest Filmstudió|Union Générale Cinématographique (UGC)|Vega Film,4.5,1994,Magic Hunter (Büvös vadász),172198,6,,,,",0
Nimbus Film Productions,14
Universal TV|Niki Marvin Productions,39
Canal+|Compagnie Eric Rohmer (CER),222
5,47
France 3 Cinéma|Pan Européenne Production|Versus Production|Radio Télévision Belge Francophone (RTBF)|VOO|BE TV,4
Sony Pictures,4
Swargachitra,9
"\" as a gaggle of beloved stereotypes pursue \"\"\\\"\"that rarest of radioactive elements - atmospherium.\"\"\\\"\"\\\"\"\"\"2.073869/95atRe931dzznTIIFzDi4yiXgjs.jpgFragmighty|Transom Films|Valenti Entertainment,1.5,2002,\"Lost Skeleton of Cadavra",4
"\" as a gaggle of beloved stereotypes pursue \"\"\\\"\"that rarest of radioactive elements - atmospherium.\"\"\\\"\"\\\"\"\"\"2.073869/95atRe931dzznTIIFzDi4yiXgjs.jpgFragmighty|Transom Films|Valenti Entertainment,2,2002,\"Lost Skeleton of Cadavra",4
Good Film Company|Finecut,72
MACT Productions|Myriad Pictures|Sienna Films|Studio Hamburg International Production (SHIP),25
Columbia Pictures|Happy Madison Productions|Relativity Media|Alta Loma Entertainment,947
Starbucks Entertainment,37
The Mirisch Corporation,47
Nicolas Entertainment,464
100 Bares|Haddock Films S.R.L.|Instituto Nacional de Cine y Artes Audiovisuales (INCAA)|Televisión Española (TVE)|Tornasol Films|Canal+ España|Ministerio de Cultura|Instituto de Crédito Oficial (ICO)|Televisión Federal (Telefe),2390
Hersua Interfilms,3
Film Science|Syncopated Films|Rough House Pictures,21
thus launching her phenomenal career as porn star Stacy Valentine. In this eye-opening and refreshingly even-handed film,161
Shôchiku Eiga,23
Det Danske Filminstitut|Nordisk Film|Sveriges Television (SVT),1
Adelson Entertainment,4
Universal Pictures|40 Acres & A Mule Filmworks,1398
Ingenious Film Partners|Quinta Communications|Dino De Laurentiis Company|Zephyr Films,271
Royal American Pictures|S2D Associates,11
Filmkameratene A/S|Norsk Film,1
"his sneaky business associate Maurice secretly misappropriates the villa as a hotel while Talbot is away. The current guests of the \"\"\\\"\"hotel\"\"\\\"\" are a group of young American girls.\"\"\"\"0.905633/lfowfGKFlzKPjcxf7NwwqQ5cRmV.jpg,Universal International Pictures (UI)|Raoul Walsh Enterprises,1.5,1961,Come September,22386,6.9,,,,",0
Toei Video Company,102
The Asylum,4
"the young girl soon discovers the real-life horrors of Argentina's relatively recent past and the nightmare that claimed tens of thousands of lives during the country's \"\"\\\"\"dirty war.\"\"\\\"\"\\\"\"\"\"0.783709/3sX64gQz3lo9OOX0hyD8fZ1KRLs.jpg,3,,,21616,7.7,,,,",0
Mapa Filmes|Eduardo Coutinho Produções Cinematográficas,3
Festival Film Productions,4
"\\[{'name': \"\"\\\"\"Les Films d'Ici\"\"\\\"\"\"\"3.52013,Age of Uprising: The Legend of Michael Kohlhaas (Michael Kohlhaas),186971,,,,,,,,",0
Bigfoot Entertainment,14
Demi-Monde Productions,56
RKO Radio Pictures|Mercury Productions,21512
Twentieth Century Fox Film Corporation|Robert Simonds Productions|Mediastream Dritte Film GmbH & Co. Beteiligungs KG,1870
"Showcase Entertainment, Inc.|Luminair Film Productions|Hawaii Film Partners",33
United Artists|Murray-Wood Productions,1
Von Zerneck Sertner Films|Frank & Bob Films II,2
Bristol Bay Productions|Playtone,177
Egoli Tossell Film AG|Canal+|Arte France|Films en Stock,238
Hopscotch Films,4
Columbia Broadcasting System (CBS)|Playhouse 90,1
Algemene Vereniging Radio Omroep (AVRO)|Living Stone|Bijker Productions,1
"\\Zespol Filmowy \"\"\\\"\"Pryzmat\"\"\\\"\"\\\"\"\"\"41976Brunet Will Call (Brunet wieczorowa pora),81223,6.3,,,,,,,",0
Corrado Schoner Productions,4
Hallmark Entertainment|Turner Network Television (TNT)|Flying Freehold Productions,5
Film Roman Productions,2
Film Art Association,508
Téléfilm Canada|Max Films Productions|Société de Développement des Entreprises Culturelles (SODEC),161
New Line Cinema|Swinson-Starkey Productions,60
5.7,0
Universal Pictures|Northern Lights Entertainment,12825
Secret Weapon Films,7
Pan Européenne Production,1
Ortus Films,68
Greenwich Film Productions|Medusa Distribuzione,12
Mascaret Films,12
"\"\\Canal+|Zespól Filmowy \"\"\\\"\"Tor\"\"\\\"\"|Norsk Film|Sidéral Productions\"\"\"\"3.51991,\"Double Life of Veronique",127
Gaumont|Left Turn Films|Ugly Duckling Films|Gaumont International|Thriller,69
"\\[{'name': \"\"\\\"\"Les Films d'Ici\"\"\\\"\"\"\"2.52013,Age of Uprising: The Legend of Michael Kohlhaas (Michael Kohlhaas),186971,,,,,,,,",0
Cannon Group|Golan-Globus,637
Handmade Films Ltd.|Alliance Media & Entertainment|Bela Negi Films,2
20th Century Pictures,14
Small Moves,2
Synthetic Fur Productions,8
Peter Walker (Heritage) Ltd.,8
Insight Film Studios|Tree Kings Productions|Nasser Entertainment Group|Station3,12
Gabriel Pascal Productions|Independent Producers,14
Mille et Une Productions|Propaganda Pictures|Need Productions,10
"\" as a gaggle of beloved stereotypes pursue \"\"\\\"\"that rarest of radioactive elements - atmospherium.\"\"\\\"\"\\\"\"\"\"2.073869/95atRe931dzznTIIFzDi4yiXgjs.jpgFragmighty|Transom Films|Valenti Entertainment,5,2002,\"Lost Skeleton of Cadavra",19
Fandango,1
Film1|Iris Group|Arctic Pictures Limited,10
United Artists Corporation|Hart-Sharp Entertainment|Potboiler Productions,496
Paramount Pictures,33355
Zespół Filmowy TOR,349
Babylonian Productions|Turner Network Television (TNT),1142
Nordic Film|Sandrews|Nordisk Film- & TV-Fond|Film i Väst,9
Ego Film Arts|Ontario Arts Council|Canada Council for the Arts,51
LTN Productions Inc.,2
Peter Rommel Productions,32
Fine Line Features|New Line Cinema|Lou Yi Inc.|Academy Films|March Entertainment,582
Ramalho Filmes,3
CJ Entertainment|Masulpiri Films,63
Shanghai Film Group|Media Asia Films Ltd.|Golden Harvest Company Ltd.|DMG Entertainment|China Film Group Corporation (CFGC),3
Proton Cinema,4
Wessex Film Productions,1
Pandora Filmproduktion|Entre Chien et Loup|Opus Film|Bridgit Folman Film Gang|Paul Thiltges Distributions|Liverpool,251
Bloodline Pictures,8
Muse Entertainment,4
EMI Films,8
Nikkatsu,27
Das Films|Living Out Loud Films|Elephant Eye Films,46
Tag Entertainment|Broomstick Entertainment|Majestic Film Partners,16
Weltecho|Solimane Productions,388
Apipoulaï|Avalanche Productions|EuropaCorp,50
"enters into a Faustian pact in which he trades his soul for a handful of \"\"\\\"\"magic\"\"\\\"\" bullets that always hit the mark. A mysterious and mythical story.\"\"\"\"0.091984/3phxETl3dV31eAbcML1pBt5x0EC.jpg,Új Budapest Filmstudió|Union Générale Cinématographique (UGC)|Vega Film,4,1994,Magic Hunter (Büvös vadász),172198,6,,,,",0
Twentieth Century Fox Film Corporation|Hyde Park Films,180
RKO Radio Pictures,3809
Twentieth Century Fox Film Corporation|Chernin Entertainment|TSG Entertainment,499
Grindstone Entertainment Group|Emmett/Furla Films|4th Wall Entertainment,79
New City Releasing,9
Bona International Film Group|Klein & Shamroy|Mega-Vision Pictures (MVP)|Gala Film Distribution,22
United Artists|Hope Enterprises,3
Matila Röhr Productions (MRP)|Taska Film,16
Paramount Pictures|John Ford Productions,2145
United Artists|Jerome Hellman Productions|Jayne Productions Inc,870
E3W Productions,3
Ninth Configuration,101
Charles Chaplin Productions|First National Pictures,1427
Zeugma Produções,8
Black Flint Productions,55
Cinetel Films,6
Maurice Tourneur Productions,72
Raymond Stross Productions,2
B.A. Produktion,8
"\" she learns that there are definite advantages in performing \"\"\\\"\"good deeds\"\"\\\"\" as the Little White Dragon.\"\"\"\"1.00155/8kCPPtpeNDH27Jqhxt5Ci8S1jqt.jpg,China Film Co-Production Corporation,3,2004,\"White Dragon",1
Columbia Pictures|Original Film,918
Warner Bros.|The Vitaphone Corporation,3
Empire Pictures|Taryn Productions Inc.,306
Red Giant Movies,11
Spelling Entertainment|IRS Media|Republic Pictures (II),806
Lorimar Productions,1
Bachelor Party Productions|Aspect Ratio Film|Twin Continental,2099
Aashirvad Cinemas,40
Columbia Pictures|Affirm Films|LD Entertainment|Patrick Aiello Productions,88
Quad Productions,10
Projektions-AG Union (PAGU),7
Filmadora Panamericana,4
Black Forest Films|Canal+|CMW Films,6
Greek Film Center|Faliro House Productions|Haos Film,41
Status Media & Entertainment|Puppy Entertainment,6
United Artists|Edward Small Productions,1
"\\Zespol Filmowy \"\"\\\"\"Pryzmat\"\"\\\"\"\\\"\"\"\"31976Brunet Will Call (Brunet wieczorowa pora),81223,6.3,,,,,,,",0
Twentieth Century Fox Film Corporation|Dune Entertainment|Davis Entertainment,439
Gorky Film Studio,4
Twentieth Century Fox Film Corporation|Stanley Donen Films,184
"\\[{'name': \"\"\\\"\"Les Films d'Ici\"\"\\\"\"\"\"1.52013,Age of Uprising: The Legend of Michael Kohlhaas (Michael Kohlhaas),186971,,,,,,,,",0
Metro-Goldwyn-Mayer (MGM)|Christmas Tree Films,14804
Traction Media|Animal Kingdom,1377
Beijing Film Studio,278
3.5,15
4.3,0
Acajou Films|Rebel Rebel|Birka Holding,41
Howard Hughes Productions,179
Pathé Entertainment|Initial Entertainment Group (IEG)|Metro-Goldwyn-Mayer (MGM),59
Isle of Man Film|DJ Films|British Film Institute (BFI)|Pinewood Studios|Metrol Technology,188
Balcázar Producciones Cinematográficas|Produzioni Cinematografiche Mediterranee (PCM),5
Thunder Road Pictures|LionsGate|87Eleven,1947
Kennedy Miller Productions,10270
Вертикаль,3
Gorky Film Studios,6
Artina Films|Procinvest Sas|Mirabelle Pictures Productions,44
Argos Films|Svensk Filmindustri (SF)|Svenska Filminstitutet (SFI)|Parc Film,373
Fox Television Studios|A&E Networks|Gerber Company,42
Arts+Labor,8
Perlsea Company,82
The Leonard Goldberg Company|American Broadcasting Company (ABC),1
Tatsunoko Productions Company,3
Alcon Entertainment|Warner Bros.|Belle Pictures|3 Arts Entertainment,491
XYZ Productions,2
Xanthus Pictures,3
Republic Pictures (II)|Green Communications,3
Nat Holt Productions,1
Famous Artists Productions,232
Warner Bros.|Iron Horse Entertainment (II),249
Triton Films,9
Live Entertainment|StudioCanal|PolyGram Filmed Entertainment,43
Left Turn Films|Pure Mutt Productions,218
Handle Productions,26
Nu Image Films|Martien Holdings A.V.V.|Sharky Productions,3
Gaumont|CAPAC|Madeleine Films,13
Trionfalcine,20
Cannon Group|Metro-Goldwyn-Mayer (MGM),23
Brut Productions|Joseph E. Levine Productions,125
Schramm Film Koerner & Weber|Zweites Deutsches Fernsehen (ZDF)|ARTE,92
New Line Cinema|Michael Phillips Productions,569
Columbia Pictures|Revolution Studios|Hard Eight Pictures|Wonder works studios entertainment group,3242
Legendary Pictures|Warner Bros.|Blinding Edge Pictures,1674
Nickel Odeon,2
ESPN films|Laylow Films,431
SpA Cinematografica,4
Fox Searchlight Pictures|American Zoetrope|Myriad Pictures|Qwerty Films|N1 European Film Produktions GmbH & Co. KG|Pretty Pictures,2239
First National Pictures|Warner Bros.,23
Head Gear Films|Lipsync Productions|May 13 Films|CrossDay Productions Ltd.|Morocco Film Assistance,9
Constantin Film Produktion|Achterbahn AG,7
Silver Peak Productions,0
Channel Four Films|Zenith Entertainment|American Playhouse|Union Générale Cinématographique (UGC)|La Sept Cinéma|True Fiction Pictures,1140
Metro-Goldwyn-Mayer (MGM)|Hawn / Sylbert Movie Company|Star Partners,1210
MEDIA Programme of the European Union|Canal+|CinéCinéma|Sofica Soficinéma 4|Centre National de la Cinématographie (CNC)|Ad Vitam Production|Région Haute-Normandie|Région Aquitaine,3
France 2 Cinéma|StudioCanal|Move Movie|Ce Qui Me Meut Motion Pictures|C.R.R.A.V. Nord Pas de Calais,7
Universal Pictures International (UPI),1
Turner Pictures|Von Zerneck Sertner Films,2
CJ Entertainment|Sanai Pictures,10
Empire Pictures|Full Moon Entertainment,724
Constantin Film|Wiedemann & Berg Filmproduktion|ARD/Degeto Film GmbH|Bayerischer Rundfunk (BR),1
Factory Films,10
NL Film|NTR|September Films,2
Horseshoe Films|A Ticklish Tale|Fumes Production,169
New Line Cinema|Miramax Films,333
Gainsborough Pictures,5
Süddeutscher Rundfunk|Bavaria Atelier|Krátký Film Praha|Ceskoslovenský Filmexport|Filmové Studio Gottwaldov,3
August Entertainment|Allied Vision|Hungarofilm|Allied Cine Group Pic II,6
Les Productions Jacques Roitfeld|Empire Films|Trébol Films C.C.,7
Warner Home Video|Flame Ventures|Raw Feed|Papazian-Hirsch Entertainment International,54
Bess Movie|Pentagrama Films,17
Scanbox|Imperial Entertainment|Shah/Jensen,9
Art Pictures Studio|Barter Films|Eclectic Pictures,4
InformAction Films,2
Mutual Film Company,9324
Toho Company|Mifune Productions Co. Ltd.,4
Joe Siu International Film|Movie Impact Ltd,1
Cemo Film,7
Wolfe Releasing,17
Paramount Pictures|Elkins Productions International Corporation|Freeward Films|Life Investors International,5
Bandai Visual Company|Movic|Emotion|Namco Bandai Games|Production I.G.|Tokyu Agency|Bandai Channel|TOV Project,10
is a soloist with the Miller band,9
Hemdale Film|Dynamic,14
MACT Productions|La Sarraz Pictures,6
Gorky Film Studio|Nordisk Tonefilm International,15
BBC Worldwide,9
Warner Bros.|Heyday Films|Esperanto Filmoj,11982
Boogiefilm|Das Kleine Fernsehspiel (ZDF)|Enigma Film,13
Centrul de Productie Cinematografica Bucuresti,2
Muse Productions|Brink Films|Silver Nitrate,853
FilmEngine|After Dark Films|BenderSpink,401
Film Science|The Lab Of Madness|Neighborhood Watch|Paradise City,776
Snoot Entertainment,82
Sunshine Pictures|Pen India Limited,1
Monogram Pictures|Banner Productions,3
Edison Manufacturing Company,16
Orion Pictures|Warner Bros.,7483
Troma Entertainment|Chapter V Enterprises|R.A.P. Productions,10
J.E.M. Productions,3
Varma Corporation|India Talkies,36
"his sneaky business associate Maurice secretly misappropriates the villa as a hotel while Talbot is away. The current guests of the \"\"\\\"\"hotel\"\"\\\"\" are a group of young American girls.\"\"\"\"0.905633/lfowfGKFlzKPjcxf7NwwqQ5cRmV.jpg,Universal International Pictures (UI)|Raoul Walsh Enterprises,4.5,1961,Come September,22386,6.9,,,,",0
Choice Films Inc.,3
MacGillivray Freeman Films|IMAX|Warner Bros.,6
Connell Creations|Window Pictures|Woodcreek Faction Productions,25
Pioneer Pictures|Rook Films,90
Yari Film Group,20
Reel FX Creative Studios|Disney Channel,93
Claudia Cinematografica,7
Pop Gun Pictures,2
Vertigo Entertainment|Hammer Film Productions|Alliance Films|Talisman Productions|Exclusive Media Group|Da Vinci Media Ventures,157
Academy Pictures,321
Warner Bros.|Golan-Globus Productions|Cannon Entertainment|Cinema Verity,403
Motion Picture Corporation of America (MPCA)|Riviera Films,33
DD Productions|Alicéléo|France 2 Cinéma,22
Kinokater,1
Warner Bros.|Azoff Entertainment|The Canton Company,1937
Relativity Media|Misher Films|Yucaipa Films|Goldmann Pictures|Rat Entertainment|Misha Films,694
Blumhouse Television|Sea to Sky Entertainment|Levens,87
Paramount Pictures|Debra Hill Productions|PolyGram Filmed Entertainment|The Guber-Peters Company,5388
ITV|Sprout Pictures,2
Rangeland Productions,42
Mosfilm,1330
Corona Cinematografica|Opera Film,2
"\"\\[{'name': \"\"\\\"\"Societé d'Exploitation et de Distribution de Films (SEDIF)\"\"\\\"\"\"\"41938,\"Marseillaise",0
Craven-Maddalena Films|Outerbanks Entertainment|Dimension Films|Kalis Productions GmbH & Co. Zweite KG,395
Twentieth Century Fox Film Corporation|Blue Sky Studios,8
Montrose Pictures,8
Moonlight Productions,4
Makar Productions|Pictorion Pictures,2
Walt Disney Pictures|United Artists Pictures,16
"\\[{'name': \"\"\\\"\"O' Groove\"\"\\\"\"\"\"22014,Perez.,288313,,,,,,,,",0
Touchstone Pictures,5398
The Guber-Peters Company|Warner Bros.,119
Rebel Film BV|Avatar Entertainment Group,7
Columbia TriStar Home Video|Creature Features Productions LLC,6
Flach Film,3
Paramount Pictures|Miller-Milkis Productions|Shelburne Associates,543
micro_scope,4
Fogbound Inc.,150
Avala Film|Central Cinema Company Film (CCC),30
The Weinstein Company|Summit Entertainment|Tezuka Production Company Ltd.|Imagi Animation Studios,423
mr. kirby productions,15
Trigon Films|Kanoon Iran Novin|Iranian Independents,9
Comique Film Company,19
Associated Producers (API),2
Nina Saxon Film Design|HBO Films,292
Prism Entertainment Corporation,1
"\"\\[{'name': \"\"\\\"\"Societé d'Exploitation et de Distribution de Films (SEDIF)\"\"\\\"\"\"\"51938,\"Marseillaise",0
P.A.C.|Atlas International Film,1
Larco Productions,12
Filmwerks,151
Televisión Española (TVE)|Emiliano Piedra,40
Gaumont|Avalon|Région Midi-Pyrénnées|22h22,5
Nippon Television Network (NTV),9
Wichita Films,1
Nick Wechsler/Miracle Pictures|Volume One Entertainment,233
United Artists|Melvin Frank Production,464
RKO Pictures|The Nederlander Organization,28
Kaikai Kiki Co.|Nishimura Motion Picture Model Makers Group,6
"enters into a Faustian pact in which he trades his soul for a handful of \"\"\\\"\"magic\"\"\\\"\" bullets that always hit the mark. A mysterious and mythical story.\"\"\"\"0.091984/3phxETl3dV31eAbcML1pBt5x0EC.jpg,Új Budapest Filmstudió|Union Générale Cinématographique (UGC)|Vega Film,3,1994,Magic Hunter (Büvös vadász),172198,6,,,,",0
Rainer Werner Fassbinder Foundation,1
Regner Grasten Film,1
New York Motion Picture,2
Skinny Nervous Guy,25
PM Entertainment Group|Barnholtz Entertainment,3
Fida cinematografica|Sofracima - Audifilm,1
"Nordic Film och TV Fund|Sunflower Productions|Norsk Filmfond|Dinamo Story,|SF Norge Filmparken|Samy Boy Entertainment|Sud-Est Productions",101
Lenfilm,52
Head Gear Films|Reprisal Films|Metrol Technology|Kreo Films FZ|Reel Chefs Catering,76
Rootbeer Films|Taurus 7 Film Corporation,10
Monogram Pictures,9
Imagine Entertainment|Columbia Pictures Corporation|JC 23 Entertainment,2235
Brandywine Productions,1
BBC Films|Working Title Films|British Screen Productions|Uplink Co.,17
Shaw Brothers|TVB,9
MCA/Universal Pictures,23
Paramount Pictures Digital Entertainment,335
P13 Entertainment|Kinetic Filmworks,8
"\\[{'name': \"\"\\\"\"O' Groove\"\"\\\"\"\"\"3.52014,Perez.,288313,,,,,,,,",0
Euro-Images|Les Productions René Thévenet,2
France 2 Cinéma|DD Productions|Vértigo Films,30
Elías Querejeta Producciones Cinematográficas S.L.,99
Odyssey Media|Rodin Entertainment|Ace Film Company|Chunqiu Time Culture Co.,28
Titanus|Paris Film|Robert et Raymond Hakim,494
Rival Pictures,94
Wild Bunch|TF1 Films Production|Produire à Paris|Télégraphe,8
"as well as the commercialization of the image of Ernesto \"\"\\\"\"Che\"\"\\\"\" Guevara.\"\"\"\"0.266668/g5cqAfrkM4ZsbB6bJ7cfBMygL3I.jpg,Red Envelope Entertainment,4,2008,Chevolution,34219,5,,,,",0
Suplex|napalm FiLMS,19
Tube Pictures,26
Nikkatsu|NTV|Horipro|J Storm|Shochiku,20
Paramount Pictures|Dino De Laurentiis Company,33
j.j. films,3
Universal Studios,924
Film Maker Aps,3
1967,16
the movie centers around 10-year-old Zoran whose inspired poem about Tito written on a spur-of-the-moment-basis as an in-class assignment,0
Producciones Barbachano Ponce,58
Pennebaker Productions|Monmouth|Diane Productions|Jason Films|Monica Corp.,19
Impact Pictures|Davis-Films|Constantin Film Produktion,1754
Royal Shakespeare Company|Marat Sade Productions,207
New Line Cinema|Allied Vision,7836
Paramount Pictures|Cort/Madden Productions|ATR Films|MMP Erste Filmproduktions|Moviemakers Productions (MMP),156
Universal Pictures|F.P. Productions,2
Toei Company,195
EM Media|UK Film Council|Screen Yorkshire|Film4|Warp X|Madman Entertainment,31
0.5,20
Kasander Film Company,9
Village Roadshow Pictures|Original Film|Weed Road Pictures|Warner Bros.|Heyday Films|Overbrook Entertainment,14364
Richwater Films,15
Merchant Ivory Productions,539
Yleisradio (YLE)|Filminoir,2
\Les Films Alain Sarde|Vega Film|Vértigo Films|Centre National de la Cinématographie (CNC) / France 3 Cinéma},20
Thura Film,98
Rajshri Productions Pvt Ltd|R.D.Banshal & Co.,4
Identity Films|CKRush Entertainment,13
Walt Disney Pictures|Walt Disney Television Animation|Walt Disney Animation Australia|DisneyToon Studios,350
Fair Film|Incei Film|Cinétel|Montfluor Film,3
OOO-Films|Bon Voyage Films,12
30177,0
Warner Bros.|United States Pictures,11
Synthetic Cinema International,1
American Zoetrope|Warner Bros.,4017
"\\Zespól Filmowy \"\"\\\"\"Kadr\"\"\\\"\"\\\"\"\"\"31988On the Silver Globe (Na srebrnym globie),27072,8.5,,,,,,,",0
Palumbo,2
ITC Movie,4
Uni-Bet Productions,1
Qwerty Films|N1 European Film Produktions GmbH & Co. KG|First Look International|Raygun Productions,49
Euro International Films,17
Ekran,94
Allegro-Film,1
Horsethief Pictures,23
Canal+|Alicéléo|Cofimage 11|RIDICULOUS Pictures,11
Larry Levinson Productions|Alpine Medien Productions|RHI Entertainment|Brosier,4
Swerve Pictures,2
Tallinnfilm,3
Big City,3
Dharamsala,2
CHANCE iN,2
Lions Gate Family Entertainment|Relativity Media|Crest Animation Productions,136
"HighRoad Entertainment|Prelude Pictures|Lone Runner Entertainment|Kenio Films|Perfect Game, The",23
BBC Films,14
Galatée Films|Novo Arturo Films|Constantin Film Produktion|Pathé|France 2 Cinéma|France 3 Cinema|Logline Studios|Blue Screen Productions,27
10th Hole Productions|Anonymous Content|Ambush Entertainment|Maven Pictures|Foggy Bottom Pictures,83
Channel Four Films|Arte|La Sept-Arte,2226
The Venus Project|Blue Forest Media,2
Wild Bunch|Mpower Pictures|Krannel Pictures|binary light,40
NALA Films,18
Visible Pictures|All Entertainment,4
Les Films Pomereu|Medusa Distribuzione,1
April Films,3
American Cinema Productions,169
Hearst Entertainment Productions|Gleneagle Productions,4
Walt Disney Pictures|Genre Films|Beagle Pug Films|Allison Shearmur Productions,1140
Fondo para la Producción Cinematográfica de Calidad (FOPROCINE)|Producciones Amaranta|Cero en conducta S.L.,1
Kadokawa Pictures,2
"Asylum, The",12
arte Cinéma|Documentary & Experimental Film Center,4
Green Moon Productions|Maestranza Films|Pentagrama Films,13
Kaos Entertainment,2
Highway One Pictures,1
Allied Artists Pictures|Samuel Bronston Productions,48
Paramount Pictures|Nickelodeon Movies|Valhalla Motion Pictures,1718
"\\[{'name': \"\"\\\"\"O' Groove\"\"\\\"\"\"\"32014,Perez.,288313,,,,,,,,",0
Oscilloscope Laboratories|Chocolate Frog Films,66
Pie Films|Amérique Film,3
Celluloid Dreams|Rai Cinema|Offside,54
2011,4
Coming Home Studios,4
Mike Zoss Productions|Studio Canal|Relativity Media|Focus Features|Working Title Films,2488
Hollywood Pictures|Largo Entertainment|Scott Free Productions,4606
Pony Canyon Enterprises,224
Viacom Productions,2
Warner Bros.|Edgar Rice Burroughs Inc.,540
Leisure Investment Company|Movie Ventures,14
\La Sept-Arte|13 Productions},17
Cinemaster S.r.l.,5
"Match Factory, The|Deutsche Film- und Fernsehakademie Berlin (DFFB)|Makrorama|Haos Film",8
"Flame Ventures|Jim Henson Company, The|Prana Studios",3
Centre National de la Cinématographie|Cinéa,5
Canal+,44
Studija 2|Lithuanian Film Studios,2
Haut et Court,25
Showtime Networks,65
Propaganda Films|PolyGram Filmed Entertainment,53
Shanxi Film Studio,1
Fantasiafilmi Oy,4
Cineclick Asia|Happinet Pictures|Cheongeoram|CJ Capital Investment,1503
Holly Hill Productions,45
Aaron Spelling Productions,4
"\"\\Canal+|Zespól Filmowy \"\"\\\"\"Tor\"\"\\\"\"|Norsk Film|Sidéral Productions\"\"\"\"2.51991,\"Double Life of Veronique",31
Fun and Happiness,131
Panfilm|Artisan Entertainment|Hallmark Entertainment,2
Nina Paley,9
Cartel Pictures,2
Radio-televizija Federacije Bosne i Hercegovine (RTVFBiH)|Refresh Production,2
Koan Films|Go Films,9
\Indigo Film|Rai Cinema|Faso Film},0
British Columbia Film|Canada Council Media Arts|Boneyard Film Company Inc.,273
Bonneville Entertainment|Dalrymple Production|Steinhardt Baer Pictures Company,1
Entcorp Communications,274
"Le Monde Entertainment|, Planet Productions|Planet Productions",7
"his sneaky business associate Maurice secretly misappropriates the villa as a hotel while Talbot is away. The current guests of the \"\"\\\"\"hotel\"\"\\\"\" are a group of young American girls.\"\"\"\"0.905633/lfowfGKFlzKPjcxf7NwwqQ5cRmV.jpg,Universal International Pictures (UI)|Raoul Walsh Enterprises,5,1961,Come September,22386,6.9,,,,",0
Senator Film Produktion|Calypso Filmproduktion,0
Arte|Zweites Deutsches Fernsehen (ZDF)|Copacetic Pictures,23
"enters into a Faustian pact in which he trades his soul for a handful of \"\"\\\"\"magic\"\"\\\"\" bullets that always hit the mark. A mysterious and mythical story.\"\"\"\"0.091984/3phxETl3dV31eAbcML1pBt5x0EC.jpg,Új Budapest Filmstudió|Union Générale Cinématographique (UGC)|Vega Film,1.5,1994,Magic Hunter (Büvös vadász),172198,6,,,,",0
France 3 Cinéma|Westdeutscher Rundfunk (WDR)|Ciné+|France Télévisions|Mediapro|Centre National de la Cinématographie (CNC)|Radio Télévision Suisse (RTS)|Atacama Productions|Valdivia Film|Consejo Nacional de la Cultura y las Artes,20
Pixar Animation Studios,465
Cobra Films|Irrintzi Zinema,1
Cannon Group,665
Warner Bros.|Sig Shore Productions|Superfly Ltd.,155
Zero Gravity Management,4
Twentieth Century Fox Film Corporation|Joseph E. Levine Productions,79
TriStar Pictures|Gordon Company|Regency International Pictures|The A. Milchan Investment Group,306
National Film Development Corporation of India|Infinitum Productions|Good Lap Production|Aryasaa Cine Productions,5
Escandalo Films|Escándalo Films,2
Warner Bros. Television|Wolper Organization|Norman Stephens Productions,11
Tijuana Productions|Tiberius Film Productions,159
Vijaya Productions,3
MTV Studios,9
FJ Productions|BB Films,23
Universal Pictures|Original Film|One Race Productions|Dentsu Inc.|Relativity Media,2497
Wiedemann & Berg Filmproduktion,22
WT2 Productions,392
Red Envelope Entertainment|Third Eye Motion Picture Company|RadicalMedia|Entendre Films,13
New Wave Entertainment Television,12
"\"\\[{'name': \"\"\\\"\"Societé d'Exploitation et de Distribution de Films (SEDIF)\"\"\\\"\"\"\"3.51938,\"Marseillaise",0
P.A.C.|Metro-Goldwyn-Mayer (MGM)|Da Ma Produzione,9
Votiv Films|Two Tall Boots|Deep in the Heart Pictures|Ballast Films,3
"enters into a Faustian pact in which he trades his soul for a handful of \"\"\\\"\"magic\"\"\\\"\" bullets that always hit the mark. A mysterious and mythical story.\"\"\"\"0.091984/3phxETl3dV31eAbcML1pBt5x0EC.jpg,Új Budapest Filmstudió|Union Générale Cinématographique (UGC)|Vega Film,0.5,1994,Magic Hunter (Büvös vadász),172198,6,,,,",0
BBC Wales|Canadian Film or Video Production Tax Credit (CPTC),6
Hallmark Hall of Fame Productions,10
Société générale des films,1036
United Artists,6305
Impala|Riverside Pictures,275
Universal International Pictures (UI),108
a large,0
John Proffitt Films,1
Lexyn Productions,2
National Filmi Oy,18
Illumination Entertainment,1
Cyan Films,16
Toho Film (Eiga) Co. Ltd.|Toho Company,0
ITI Cinema,2
StudioCanal,6
Comptoir Français du Film Production (CFFP)|Avala Film|Parnass Film|Cinesecolo,1
Camera 2 Productions|Century Films,78
Taurus Entertainment Company|Vestron Pictures,8
RKO Radio Pictures|Frank Ross Productions,2
Kings Road Entertainment,4
The Javelina Film Company|HBO Films,336
Medusa Distribuzione|RAI Radiotelevisione Italiana,1
Australian Broadcasting Corporation,51
Longway Films|ScreenWest|Pork Chop Productions,5
Sigmund Neufeld Productions,4
Fine Line Features|Castle Rock Entertainment|Barcelona Films,3406
Picture Park,1
Hollywood House of Horror|The Shadow Factory Inc.,8
Spyglass Entertainment|The Jacobson Company|Touchstone Pictures|Red Horizon Productions,7995
"the young girl soon discovers the real-life horrors of Argentina's relatively recent past and the nightmare that claimed tens of thousands of lives during the country's \"\"\\\"\"dirty war.\"\"\\\"\"\\\"\"\"\"0.783709/3sX64gQz3lo9OOX0hyD8fZ1KRLs.jpg,3.5,,,21616,7.7,,,,",0
Bazelevs Production|Channel One Russia|TABBAK,724
"\\[{'name': \"\"\\\"\"Les Films d'Ici\"\"\\\"\"\"\"32013,Age of Uprising: The Legend of Michael Kohlhaas (Michael Kohlhaas),186971,,,,,,,,",0
New Line Cinema|Village Roadshow Pictures|Warner Bros.|Flynn Picture Company,1227
Universal Pictures|Chaplin Film Productions Ltd.,44
Sony Pictures Home Entertainment|Bigel Entertainment,17
Alcon Entertainment|Warner Bros.,2048
TV-60 Filmproduktion|Clasart Film + TV Produktions GmbH|Goldkind Filmproduktion,11
The American Film Theatre|Cinévision Ltée,5
Bigel / Mailer Films|Palm Pictures,441
Film Kraft,18
Hughes Capital Entertainment,30
Universal Pictures|Happy Madison Productions,1650
Universal Pictures,11657
L.I.F.T. Production|Flame TV,7
Comedy Dynamics,38
Office Kitano|Bandai Entertainment Inc.|Hu Tong Communications|Artcam International|T-Mark,19
Arte France|Compagnie des Phares et Balises,2
Rex Carlton Productions,341
Showbox|㈜팔레트픽처스,13
Chop Shop Entertainment|Robert Small Entertainment|Worldwide Biggies,25
British Broadcasting Corporation (BBC),89
Nexus 6 Films|Filmscope Entertainment,6
Arte|Westdeutscher Rundfunk (WDR)|Bayerischer Rundfunk (BR)|Südwestrundfunk (SWR)|23/5 Filmproduktion GmbH,150
Walt Disney Pictures|Filmkameratene A/S|Svensk Filmindustri (SF),13
0.63124,3
Miramax Films|Revolution Studios|Persistent Entertainment|Initial Entertainment Group (IEG)|The Ladd Company|Kalis Productions GmbH & Co. Zweite KG|Unfinished Films,529
Jesse L. Lasky Feature Play Company,1
Showbox Entertainment,1
Love Project Films,3
Universal Pictures|Dentsu|Relativity Media|Bluegrass Films,1382
Krátký film Praha,2
Paramount Pictures|Saticoy Productions,190
Plan B Entertainment|Northern Ireland Screen|Sierra / Affinity|MICA Entertainment|MadRiver Pictures|Keep Your Head,274
Independent Artists,2
Medusa Film,32
Cinevita Film Company|Toolbox Film|Rosendahl Film,5
Universal Pictures|The Saul Zaentz Company,106
Lizland Films,17
"\" as a gaggle of beloved stereotypes pursue \"\"\\\"\"that rarest of radioactive elements - atmospherium.\"\"\\\"\"\\\"\"\"\"2.073869/95atRe931dzznTIIFzDi4yiXgjs.jpgFragmighty|Transom Films|Valenti Entertainment,4,2002,\"Lost Skeleton of Cadavra",36
Graduation,43
Централ Партнершип,4
Isle of Man Film|HanWay Films|Magic Light Pictures|CinemaNX|Televisió de Catalunya TV3|Televisión Española TVE|Instituto de la Cinematografía y de las Artes Audiovisuales (ICAA)|Estudio Mariscal|Fernando Trueba Producciones Cinematográficas S.A.|ICF Institut Català de Finances|Institut Català de les Indústries Culturals|Instituto de Crédito Oficial (ICO)|Mesfilms,75
especially after she falls for Martin West,0
Media Plus|Viktorija Film|Jerry Catering Service|Talking Wolf Productions|Digitalkraft,4
Fine Line Features|August Entertainment|Mindel-Shaw Productions,92
Hemdale Film,841
Shochiku,14
DreamWorks Animation,3130
Companhia Cinematográfica Serrador|Coline|Carnaval Unifilm,26
Productions Arys|Les Films H. Roussillon,3
The Harvey Entertainment Company,12
FilmHaven Entertainment|BorderLine Films,0
Wonder Room Productions,21
BiBi Film,22
Jerry Bruckheimer Films|Screen Gems|LStar Capital,193
Shooting Gallery|True Fiction Pictures,991
"\\[{'name': \"\"\\\"\"Les Films d'Ici\"\"\\\"\"\"\"4.52013,Age of Uprising: The Legend of Michael Kohlhaas (Michael Kohlhaas),186971,,,,,,,,",0
"\\Wüste Filmproduktion|ZDF \"\"\\\"\"Das Kleine Fernsehspiel\"\"\\\"\"|Magnolia Filmproduktion|Wüste Film Ost\"\"\"\"2.52012,Forgotten,133396,5.3,,,,,,,",0
CB Films North|Sacred Bull Media,1
Jadran Film|Société Nouvelle de Cinématographie|Atlantis Film|Rialto Film Preben-Philipsen,6
GG Studio,77
Centropolis Film Productions,1
Renn Productions|Société Française de Production (SFP)|Télépresse Films|Cinépol,1
Population 1280 Films,6
Global Pictures,5
Touchwood Pacific Partners 1|Touchstone Pictures,531
Studio Green,7
Carousel Picture Company|The Noel Gay Motion Picture Company|Kismet Entertainment Group|The Victor Film Company|Luxembourg Film Fund,1197
Metro-Goldwyn-Mayer (MGM)|Don Bluth Productions,80
"his sneaky business associate Maurice secretly misappropriates the villa as a hotel while Talbot is away. The current guests of the \"\"\\\"\"hotel\"\"\\\"\" are a group of young American girls.\"\"\"\"0.905633/lfowfGKFlzKPjcxf7NwwqQ5cRmV.jpg,Universal International Pictures (UI)|Raoul Walsh Enterprises,4,1961,Come September,22386,6.9,,,,",0
A. Film|Per Holst Film,12
Ultra Films|TF1 Films Production|Canal+|TPS Star|EuropaCorp|A.J.O.Z. Films,439
Management Company Entertainment Group (MCEG)|Vestron Pictures,81
\20th Century Fox Television},0
Biograph Company,1
and testimony from rabbis and pastors,0
Sveriges Television (SVT)|S/S Fladen Film|Buena Vista International (Sweden) AB|Hustruskolan AB|Canal+ Television AB,10
Sony Pictures Classics|Sony Pictures Home Entertainment,2391
Les Films Alain Sarde|Medusa Film|FilmTel Ltd.,3
"\\[{'name': \"\"\\\"\"'A' Production Committee\"\"\\\"\"\"\"41998,A,24791,,,,,,,,",0
Flashback Films|DAVED Productions,3
U.S. Army Signal Corps,4
Golden Square Pictures,3
Blender Foundation,3
The Chimney Pot|Cine Works|Staragara,4
Bullet Films|Kenio Films,12
Cofimage 5|Canal+|Les Productions Lazennec|Société Française de Production (SFP)|Lumière|La Sept Cinéma|Centre National de la Cinématographie (CNC)|Salon Films|Cofimage 6|Giai Phong Film Studio,268
Infinite Enterprises,3
Lionsgate|34th Street Films,26
Star-Film,30
Rankin/Bass Productions,377
A Band Apart|Dimension Films|Los Hooligans Productions,0
"\" as a gaggle of beloved stereotypes pursue \"\"\\\"\"that rarest of radioactive elements - atmospherium.\"\"\\\"\"\\\"\"\"\"2.073869/95atRe931dzznTIIFzDi4yiXgjs.jpgFragmighty|Transom Films|Valenti Entertainment,3.5,2002,\"Lost Skeleton of Cadavra",33
Columbia Pictures Producciones Mexico,2
American International Pictures (AIP)|Mid-America Pictures,5
Filmes Cinematografica|Metro-Goldwyn-Mayer (MGM)|Compagnie Internationale de Productions Cinématographiques (CIPRA)|Producciones Enríquez S.A.,7
Eureka Pictures,1208
Screen Gems|Breakup Productions,72
Sandollar Productions|Touchstone Pictures,1
Polski Instytut Sztuki Filmowej|Film Vision Productions,5
Hollywood Pictures|PolyGram Filmed Entertainment|Interscope Communications,356
Maura International Films,4
Atlantic Entertainment Group,10
Saga Film|American International Pictures (AIP)|Sidney Pink Production|Cinemagic,20
Coop99 Filmproduktion,6
British Lion Film Corporation|Amicus Productions|Edgar Rice Burroughs Inc.|Land Associates,61
Česká televize|Cineart Production,3
Golden Way Films Ltd.|Paragon Films Ltd.,496
BBC Films|TriStar Productions,149
"\\Zespol Filmowy \"\"\\\"\"Pryzmat\"\"\\\"\"\\\"\"\"\"4.51976Brunet Will Call (Brunet wieczorowa pora),81223,6.3,,,,,,,",0
National General Pictures,3
Metro-Goldwyn-Mayer (MGM)|Chai Productions,162
Warner Bros.|Melson Productions,1
Films A.B.C.|Off Production|Rush Production,18
Mandarin Films Distribution Co.,81
Lucasfilm|Paramount Pictures,8271
Cinekip|Marni Film|Greek Film Center,24
Yleisradio (YLE),2
\France 2 Cinéma|Indigo Film|Mediaset|Babe Films|Canal+|Medusa Film|Pathé},794
Ella Communications,16
Lions Gate Films,1549
"enters into a Faustian pact in which he trades his soul for a handful of \"\"\\\"\"magic\"\"\\\"\" bullets that always hit the mark. A mysterious and mythical story.\"\"\"\"0.091984/3phxETl3dV31eAbcML1pBt5x0EC.jpg,Új Budapest Filmstudió|Union Générale Cinématographique (UGC)|Vega Film,5,1994,Magic Hunter (Büvös vadász),172198,6,,,,",0
Danmarks Radio (DR)|Memfis Film|J&M Entertainment,51
Orion Pictures Corporation|Geoffrey Productions,811
Lawrence Bender Productions|Marty Katz Productions,384
Wega Film,287
Gladden Entertainment|First Millenium Partnership,377
Profit,4
China Film Co-Production Corporation|Asian Union Film & Entertainment|Huayi Brothers Advertising|Beijing Zhongbo-Times Film Planning|CMC Xiandai Trade Co.,76
Belladonna Productions|Films In Motion|Film and Music Entertainment (F&ME)|Full Circle Films,2
Hollytubs,1
American International Pictures (AIP)|Squirm Company,91
SVT Drama|Filmhuset AS|Channel One,2
Scott Rudin Productions|Goodspeed Productions,2441
Twentieth Century Fox Film Corporation|Hera Productions,124
Odyssey Motion Pictures,1
The Australian Film Commission|McElroy & McElroy|Picnic Productions Pty. Ltd.|British Empire Films Australia,1965
Jacques à Bâle Pictures,5
Samsa Film|Nord-Ouest Productions|Artémis Productions,4
Warner Bros.|Jaguar Productions,1
Mainframe Entertainment,32
Jay Silverman Productions,4
TOEI Company,1
New Line Cinema|DC Comics|BenderSpink,5412
Rai Cinema|Redwave Films|Embargo Films,36
Villealfa Filmproduction Oy,0
Twentieth Century Fox Film Corporation|IPC Films,2253
Paul Malvern Productions,3
"Mandeville Films|Bad Angels Productions, Ltd.",102
1818|Lone Wolf McQuade Associates|Topkick Productions,221
Film Tank|Contravia Films|Punto Guion Punto Producciones,3
Vía Digital|Televisión Española (TVE)|Etb (Euskal Telebista)|Asegarce Zinema,1
Zide-Perry Productions|Silver Nitrate Pictures|Helkon Media,27
XYZ Films,6
Adult Swim|Williams Street|Cartoon Network Studios,7
C.V. Whitney Pictures|Warner Bros.,2544
Emperor Motion Pictures|Huayi Brothers|Sil-Metropole Organisation,6
Cinemaster S.r.l.|Mara Films|Mount Street Film,8
Solar Films inc.,55
Max TV|Prime Time|Isabella Films B.V.|Fu Works|Isabella Films,39
Miramax Films,78
Epic Pictures Group|Timpson Films|EMA Films,248
Shanghai Film Group,7
Giraff Film AB,3
Focus Films|Starz Animation|Relativity Media|Tim Burton Productions|Arc Productions,3352
Distant Horizons|Videovision Entertainment|Detalle Films,20
Odessa Film Studios|Gosteleradio,44
China Film Group|Midsummer Films|Ripken Productions,3
The Rank Organisation|National Film Trustee Company|Robert Stigwood Organization (RSO)|Goodtimes Enterprises|Bugsy Malone Productions|National Film Finance Consortium,335
Finney/Thompson Entertainment|Two For Flinching Pictures,6
Silver Web Productions,3
Franco London Films|Produzioni Cinematografiche Associate,2
Embassy Films|ASTON FILM,1
World Wrestling Entertainment (WWE),1
Shinkô Kinema,2
Walt Disney Television|Storyline Entertainment|Chris Montan Productions|Columbia TriStar Television,15
Toho Company|Tokyo Broadcasting System (TBS)|Amuse Pictures|Tokyo FM Broadcasting Co.|Shogakukan|Hakuhodo DY Media Partners|Hori Production|Ogura Jimusyo Co.|Parco Co. Ltd.,143
Khanzhonkov,5
Kuukulgur Film,1
Paramount Pictures|Pine-Thomas Productions,5
"\"\\Canal+|Zespól Filmowy \"\"\\\"\"Tor\"\"\\\"\"|Norsk Film|Sidéral Productions\"\"\"\"4.51991,\"Double Life of Veronique",189
Erica Productions Inc.,9
Fox 2000 Pictures|Walden Media,110
Columbia Pictures|Village Roadshow Pictures|Escape Artists|Metro-Goldwyn-Mayer (MGM)|LStar Capital|Pin High Productions,1082
Sixteen Films|See Saw Films,35
Gold/Miller Productions|Wayans Bros. Entertainment|Dimension Films|Brad Grey Pictures,12503
La Sept-Arte|Vertigo,21
Pollywog Pictures,6
Warner Bros. Television|Andrew J. Fenady Productions,1
Central Motion Pictures Corporation|Marble Road Productions,7
Mark Johnson Productions|Gran Via Productions|Curmudgeon Films,694
Icon Productions|Storyline Entertainment|Interscope Communications,5
New Wave Entertainment,6
Seven Arts Pictures|Carolco Pictures,204
Metromedia Producers Corporation (MPC),1
Paramount Pictures|ABC Circle Films|Lorimar,3
Renegade Pictures,26
Isberget produktion,1
Rainmaker Entertainment,19
MACT Productions|Eran Riklis Productions Ltd.|Riva Filmproduktion|Heimatfilm,65
Village Roadshow Pictures|NPV Entertainment|Warner Bros.|The Canton Company|Mars Production Pty. Ltd.,4237
7.9,0
1969,32
Paramount Pictures|Aubrey Schenck Productions,127
Warner Bros. Television,20
Active Entertainment,3
Imagine Entertainment|Universal Pictures|Spyglass Entertainment|Wild West Picture Show Productions,302
Spyglass Entertainment|Screen Gems,989
Prescience|Minds Eye Entertainment|Footprint Investments,15
CBS Films|Millennium Films|Chartoff-Winkler Productions|Scared Productions|Nu Image Entertainment GmbH,1780
Amalgamated Productions|Producers Associates,20
they have to contend with Rachel Phelps again when she buys back the team. Also,0
Boca Boca Producciones S.L,7
Nicolás Astiarraga P.C.,12
Universal Pictures|Bregman/Baer Productions|Universal City Studios,397
The Great American Dream Machine Movie Company,161
Spice Factory|Movision|Remstar Productions|Dakota Films,142
Canal Plus|Sofica Europacorp|Avalanche Productions|EuropaCorp,422
DC Comics|Warner Bros. Animation,369
Sailor Bear|Zero Trans Fat Productions|Beautiful Confusion Films,1
Columbia Pictures|Morningside Productions,18
Les Films Number One|MDP Worldwide|Cipa,37
Intercapital,4
Cinéas,10
Talking Monkey|Netflix,64
Jerry Gershwin-Elliott Kastner|Winkast Film Productions,5
"\\Zespól Filmowy \"\"\\\"\"Kadr\"\"\\\"\"\\\"\"\"\"51988On the Silver Globe (Na srebrnym globie),27072,8.5,,,,,,,",0
Media 8 Entertainment,42
Cinecidi,321
Trimark Pictures,526
Westdeutscher Rundfunk (WDR)|Filmverlag der Autoren,113
\Les Films du Lendemain|Margo Films|Canal+|CinéCinéma|Arte France Cinéma|Région Ile-de-France|Soficinéma 3|3H Productions},0
Columbia Pictures Corporation|Rastar Pictures|EMI Films,129
Universal Pictures|Illumination Entertainment,2161
"\" as a gaggle of beloved stereotypes pursue \"\"\\\"\"that rarest of radioactive elements - atmospherium.\"\"\\\"\"\\\"\"\"\"2.073869/95atRe931dzznTIIFzDi4yiXgjs.jpgFragmighty|Transom Films|Valenti Entertainment,3,2002,\"Lost Skeleton of Cadavra",23
Cutting Edge Entertainment|Newman/Tooley Films,1
Schorr Pictures,13
RiverRain Productions|Fallen State Films,2
Jaleo Films|Oberón Cinematográfica|Pensa & Rocca Producciones,11
"or go with five mates (and a stripper) to play \"\"\\\"\"Zomball\"\"\\\"\" at a top secret military compound where you get to shoot zombies with huge stun guns. Disobeying the golden rule of Zomball ('never never humiliate a zombie') the stags face overwhelming odds from the massed undead and each stag is hunted down. The truth about Zomball is finally revealed and suddenly the mother-in-law is the least of Dean's problems....\"\"\"\"0.650044/saigUp9qUWyt5WfiDAChpFKt7js.jpg,,3,2010,Stag Night of the Dead,56554,3.8,,,,",0
RAIN DOMINION,7
Zero Gravity Management|Ascot Elite Home Entertainment,29
Les Films du Losange|Wega Film|BIM Distribuzione|Centre National de la Cinématographie|Filmstiftung Nordrhein-Westfalen|France 3 Cinéma|Eurimages|Bavaria Film|Canal+|Studio Canal|Arte France Cinéma|Westdeutscher Rundfunk (WDR)|Filmfonds Wien|ORF Film/Fernseh-Abkommen|Österreichisches Filminstitut,1257
Dania Film|Medusa Produzione,3
DI Love,4
Coquette Productions|New Artists Alliance,88
DreamWorks SKG|MacDonald/Parkes Productions|Sidney Kimmel Entertainment|Neal Street Productions|China Film Co-Production Corporation|Wonderland Films|Participant Media|Ebeling Group|Beijing Happy Pictures Cultural Communications Co.|Kite Runner Holdings,1246
Nu Image Films|Millennium Films,20
Cloudcover Films,2
Kid Love Productions|Music Link Productions,3
Lucasfilm|Fox Television Studios|Prometheus Entertainment,135
Somerset Film Productions|Cine-Funds Limited,1
Új Budapest Filmstudió|Premiere Picture|SIA Advertising|Euroimages Fund of the Council of Europe|Dream Factory Macedonia|Fidelity Films|Bulgarian National Film Center|Film Väst|Cinematrix Film|Macedonian Film Fund,6
Walt Disney Pictures,6678
Rising Star|The Safran Company|Foresight Unlimited|Shifting Gears Entertainment,154
Overseas FilmGroup|August Entertainment|Lars International Pictures|Sargeant,1
Citel Films|France 3 (FR3)|Filmproduktion Janus,9
Fragile Films|Scala Films|Touchstone Pictures|Prominent Features|Mumbo Jumbo Productions,140
Les Productions Artistes Associés|Mondial Televisione Film,13
Jam Handy Organization (JHO),10
The Asylum|Syfy,10
1.5,15
KSM Film,3
Decla-Film-Gesellschaft Holz & Co.,2
Milestone Productions|Golden Princess Film Production Limited,3099
IRS Media,8
Cecchi Gori Group,7
4.815005,1002
Orly Films|TF1 Films Production|Films 7|Sédif Productions,5
Juri Productions,6
Tobis Filmkunst|Nero-Film AG,41
Pierre Grise Productions,4
Red Crown Productions|Haven Entertainment,140
Miramax Films|Allied Filmmakers|Mad Chance,7506
TriStar Pictures|Mandate Pictures|Persistent Entertainment|Senator International|Intuition Films,242
Fine Line Features|Alliance Communications,3313
6.6,0
Warner Bros.,15703
Prospector Films,9
Film Workshop|Cinema City,19
The Hallmark Channel,9
Paramount Pictures|Seven Arts Pictures|Munich Film Partners & Company (MFP) ROE Production,2847
Larry Levinson Productions|Muse Entertainment Enterprises|Moon Water Productions,1
Les films du Worso,7
Ivan Tors Productions,5
Warp X|Illuminations Films,129
GMM Pictures Co.|Phenomena,380
"\\Zespól Filmowy \"\"\\\"\"X\"\"\\\"\"\\\"\"\"\"3.51981A Woman Alone,42983,5,,,,,,,",0
Eve Productions,10
Conquering Lion Pictures|Optix Digital Pictures,86
Associated Talking Pictures (ATP),1
Argus Film,5
"Samuel Goldwyn Company, The",1
Reel One Entertainment,1
Hallmark Entertainment|Columbia Broadcasting System (CBS)|Barbara Lieberman Productions,3
Universal Pictures|BBC Films|Dark Horse Entertainment|Toho-Towa|Mutual Film Company|Marubeni|Tele München Fernseh Produktionsgesellschaft (TMG)|Valhalla Motion Pictures|UGC PH,1576
"enters into a Faustian pact in which he trades his soul for a handful of \"\"\\\"\"magic\"\"\\\"\" bullets that always hit the mark. A mysterious and mythical story.\"\"\"\"0.091984/3phxETl3dV31eAbcML1pBt5x0EC.jpg,Új Budapest Filmstudió|Union Générale Cinématographique (UGC)|Vega Film,1,1994,Magic Hunter (Büvös vadász),172198,6,,,,",0
Cream Productions,16
Nob Hill Productions Inc.,2
Jones Entertainment Group|Skerry Productions,4314
Tritone Cinematografica|Terra-Filmkunst|Atlántida Films,27
Office national du film du Canada (ONF),44
KSS,19
Guber/Peters Company|Roven Productions|Carolco Pictures,155
Twentieth Century Fox Film Corporation|Saban Entertainment|Toei Company,770
Teuvo Tulio,7
New Line Cinema|Village Roadshow Pictures|Likely Story|Anonymous Content|Overbrook Entertainment|PalmStar Media,381
\Eurimages},0
Nu Image / Millennium Films|Flat Dog Corporation,10
Norman Rosemont Productions|Claridge Productions|Grafton Productions,3
Oscilloscope Laboratories|Sob Noisse Movies,19
Dimension Films,9
Columbia Pictures Corporation|Mandalay Entertainment,1118
\Motlys},181
Metaxa Corporation|Filmirage,1
Goodtimes Enterprises,18
Sputnik Oy,131
Paramount Pictures|Universal Productions France S.A.|Marianne Productions|Seda Spettacoli,28
Polifilm,3
Arte|Zero Film GmbH|Westdeutscher Rundfunk (WDR)|Goskino|Lenfilm Studio|Fabrica,15
Yellow Brick Films,11
Procirep|Cofimage 16|Pathé Renn Productions|Les Films des Tournelles|Canal+|TPS Star|Région Ile-de-France|Centre National de la Cinématographie (CNC)|Fondation GAN pour le Cinéma,170
Rhône-Alpes Cinéma|TF1 Films Production|EuropaCorp|CiBy 2000,3
Sogecine|Alicia Produce,52
Gaumont|Iterfilm,8
Paramount Pictures|Scott Rudin Productions|Warner Bros.,620
First National Pictures,240
Eyeworks Film & TV Drama,5
Proton Cinema|Színház- és Filmmüvészeti Egyetem,9
Universal Pictures|The Guber-Peters Company|Warner Bros.,1562
Universal Pictures|Amblin Entertainment|King World Entertainment,3133
Disney Channel,42
Sci Fi Pictures|United Filmmakers Organisation (UFO)|Armored Productions,1
Kino Link Company,349
Midia Cinematografica,3
ITC Entertainment,69
\xa0Braeburn Entertainment|\xa0Check Entertainment|G.C. Pix\xa0,3
Home Box Office (HBO)|Frozen Rope Productions Inc.,66
Alex Jones Productions,4
Twentieth Century Fox Film Corporation,6374
Bing Crosby Productions,1554
Propaganda Films|Warner Bros.|Baltimore Pictures,10473
Epidemic Pictures|Warner Premiere|Genera8Xion Entertainment,3
Centre National de la Cinématographie|Diaphana Films|Canal+|Cinémage 4|Soficinéma 6|Région Ile-de-France|La Banque Postale Image 3,6
Sunrise Films,1
Village Roadshow Pictures|The Zanuck Company|Heyday films|Warner Bros.,5780
Myung Films,3
Ultramar Films,244
Veit Helmer-Filmproduktion|Film und Fernseh Fonds Bayern,22
Erber & Koch,1
Universum Film (UFA)|Dragonfly Entertainment|Black Bear Pictures|Sobras International Pictures|Camp Grey|Lionsgate Premiere,233
United Artists|Mirisch G-E Productions,2914
Chanford,6
Brocken Spectre Jockey Mutch,3
The Directors Bureau|H&M|Riff Raff Films,52
"\" as a gaggle of beloved stereotypes pursue \"\"\\\"\"that rarest of radioactive elements - atmospherium.\"\"\\\"\"\\\"\"\"\"2.073869/95atRe931dzznTIIFzDi4yiXgjs.jpgFragmighty|Transom Films|Valenti Entertainment,1,2002,\"Lost Skeleton of Cadavra",7
Bidangil Pictures|Silk Road,44
Sundial Pictures|Preferred Content,1604
Rai Cinema|Palomar|Ministero per i Beni e le Attività Culturali (MiBAC),1
BNN TV|Pupkin Film,4
Paramount Pictures|Nickelodeon Movies,582
1,76
Paramount Network Television Productions|Helfgott-Turner Productions,42
Amen Ra Films,5
Universal,10
Sterling Entertainment|Scanbox,2
Item 7,4
SVT Drama|Easy Film|Nordisk Film & TV Fond|Roy Andersson Filmproduktion AB,455
British Film Institute (BFI)|Alcove Entertainment|Attercop Productions,565
Takarazuka Eiga Company Ltd.,253
Independent Artists|British Film-Makers,3
Darkstone Entertainment,2
Intermedia Films,236
"where they subject them to depraved \"\"\\\"\"games\"\"\\\"\" that often end in torture and murder.\"\"\"\"0.054443/oZvZ9wgKcMoVy7PwvCm0vpGFnnk.jpg,Mirror Releasing,3,1973,Schoolgirls in Chains,39882,5,,,,",0
Independent International Pictures (I-I),1
Olympia-Film GmbH,22
Thirukumaran Entertainment,8
"Mpower Pictures|Metanoia Films|Burnside Entertainment|Bella Productions|One Media, The",165
Lions Gate Films|Dan Films|CP Medien AG,473
First Generation Films|Antena 3 Films|Televisió de Catalunya TV3|Canal+ España|Instituto de la Cinematografía y de las Artes Audiovisuales (ICAA)|Millennium Films|Nostromo Pictures|Generalitat de Catalunya - Institut Català de les Indústries Culturals (ICIC)|Cindy Cowan Entertainment|La Sexta|Attitude Pinículas y Films A.I.E.,305
Orion Pictures,6184
Trans World Entertainment (TWE)|Negocios Cinematográficos S.A.,3
France 3 Cinéma|AFC|Charles Gassot,9
Film Polski,3
1948,10
Next Entertainment World|Water in Tree Pictures,10
Sony Pictures Television,19
Altavista Films|Zeta Film,6900
ABC Family,18
Metro-Goldwyn Pictures Corporation,1
Car Ride Home Productions,0
De Laurentiis|Lux Film|Golden Film,2
"The\"",0
Universal Pictures|Motown Productions,12
Deutsche Film (DEFA)|Filmové studio Barrandov,34
Universal Pictures|Tales From The Crypt Holdings|Universal City Studios,2176
Handmade Films Ltd.|United British Artists (UBA),4
Orly Films|France 3 Cinéma|Canal+|TPS Star|France 3 (FR 3)|Région Ile-de-France|F Comme Film|Page 114,5
Exclusive Media Group|Universum Film (UFA)|Spitfire Pictures|Flat-Out Films,20
Memfis Film,532
First Artists|Warner Bros.|Verdon Productions Limited,46
IDT Entertainment,1
Daiei Motion Picture Company,24
Rainmaker Entertainment|Mattel,27
Bedford Falls Productions|TriStar Pictures|Pangaea,18160
Black Forest Films|Cinema Soleil|Von Vietinghoff Filmproduktion|13 Productions|TT Filmműhely,30
Hit the Ground Running Films,608
IMAX,11
Penn Station Entertainment|Participant Media|Imagenation Abu Dhabi FZ|Overture Films,1141
Clap Filmes|R&C Produzioni|AFS Film,102
Codeblack Entertainment|Usual Suspects Productions,2
Toei Animation|Yasahi-Mation Productions,36
Devonshire Productions|Prodigy Pictures,9
Palo Alto Productions|American Releasing Corporation (ARC) (II),87
Unbound Feet Productions|Syncopated Films|Vintage Pictures|Gamechanger Films|Max Cap Productions,33
Vacationeer Productions|Gordon Bijelonic / Datari Turner Films|ARM Entertainment|Attainment Media Group,110
Howard Productions,2
TriStar Pictures,6860
2929 Productions,11
Geneon Entertainment|Deiz Production|Toei Company|88mm Productions,2
Artistes Alliance Ltd.,7
Carolco Pictures,74
Café Film,6
Belarusfilm,2
PCB Entertainment|Concourse Media,15
Ghoulardi Film Company,8
Česká televize,18
Touchstone Pictures|Mandeville Films|Wintergreen Productions|Top Shelf Productions,3026
Deviant Pictures,1
Délia Film,5
Element e Filmproduktion,7
LazyTown Entertainment,10
Universal Pictures|Blumhouse Productions|LBI Entertainment|Ombra Films,35
Lionsgate|Zed Filmworks,5
Brad Grey Pictures,43
Arts Council of England,20
Emerald Productions Inc.,3
Dark Castle Entertainment|Warner Bros.,3401
Noma Productions,5
Star Film Company,10
Filmirage,2
Seven Pictures|Deutsche Columbia Pictures Film Produktion|Wiedemann & Berg Television,350
Arts Council of England|British Broadcasting Corporation (BBC)|British Screen Productions,17
Paramount Pictures|Mediarts|Hemmings,3
Alliance Atlantis Communications|Serendipity Point Films|Ego Film Arts,234
France 2 Cinéma|Procirep|Home Box Office (HBO)|Centre National de la Cinématographie (CNC)|Maha Productions,185
The Jerry Gross Organization,88
Duplass Brothers Productions|New Artists Alliance|Floren Shieh Productions,49
"Astral Films, Australian Film Commission, The",333
Dovzhenko Film Studios,2
Werner Herzog Filmproduktion|Zweites Deutsches Fernsehen (ZDF),7
"\\[{'name': \"\"\\\"\"O' Groove\"\"\\\"\"\"\"42014,Perez.,288313,,,,,,,,",0
Brillstein-Grey Entertainment|Mindfire Entertainment,147
Cinemilagroso,6
The Australian Film Commission|The Film House,11
Alberta Film Entertainment|Well Done Productions,8
National Film and Television School (NFTS),13
ASA,3
Magnum,9
Screen Gems,2
José Frade Producciones Cinematográficas S.A|New Fida|Edmondo Amati presents,5
Paramount Pictures|Ponti-De Laurentiis Cinematografica,177
Alliance Films|Darius Films|Insight Film Releasing,416
Cruze & Company,23
Warp X|Madman Entertainment,96
Paramount Pictures|Dino de Laurentiis Cinematografica|Marianne Productions,3571
Blue Sky Studios,7
"\\[{'name': \"\"\\\"\"O' Groove\"\"\\\"\"\"\"52014,Perez.,288313,,,,,,,,",0
Alternate Ending Studios,2
Capelight Pictures,2
Paramount Pictures|Elkins Entertainment|Aries Productions|Elkins Productions International Corporation,85
Port au Prince Film & Kultur Produktion,2
Little Shark Entertainment GmbH,1
Toei Animation Company,113
Worldview Entertainment|Arcade Pictures,129
"\\Wüste Filmproduktion|ZDF \"\"\\\"\"Das Kleine Fernsehspiel\"\"\\\"\"|Magnolia Filmproduktion|Wüste Film Ost\"\"\"\"42012,Forgotten,133396,5.3,,,,,,,",0
HBO Films,3
Raffaella Productions,34
Three Springs Productions,10
"\\[{'name': \"\"\\\"\"Institut National de l'Audiovisuel (INA)\"\"\\\"\"\"\"41980,Tell Me,383914,,,,,,,,",0
PFM Pictures,25
Paul Hough Entertainment,13
StudioCanal|Dark Castle Entertainment|Warner Bros.|Studio Babelsberg Motion Pictures,56
Fair Film,4
Icon Entertainment International,807
Green Dragon Movies|Blonde Audiovisual Productions,9
International Cine Film Corp.|V/M Productions,24
SevenPictures|UFA Cinema,12
Village Roadshow Pictures|Castle Rock Entertainment|Warner Bros.|Storefront Pictures|WV Films III,895
Versus Production,6
"dreams of a \"\"\\\"\"White Christmas\"\"\\\"\" will turn into a FROZEN NIGHTMARE.\"\"\"\"2.008878/4rb9TYWTAcPgEXabWnRdgg5pHnA.jpg,Cinetel Films|Reel One Entertainment|Ice Cap Pictures Inc,3,2014,Christmas Icetastrophe,301816,4.9,,,,",0
Pannónia Filmstúdió,3
"\"\"\\\"\"normal\"\"\\\"\" turns out to be a state of mind...an elusive state of mind.\"\"\"\"0.357354/8ePXLqsui5Bc8340NnzwsO2USG0.jpg,,2,2001,Maniacts,210739,6.5,,,,",0
Twentieth Century Fox Film Corporation|Fox Animation Studios,28
Legendary Pictures|Green Hat Films,1861
Jos-To Productions,5
Why Not Productions|Wild Bunch,208
Universal Pictures|EMI Films Ltd.,12803
"Toei Company, Ltd.",2
"\\Wüste Filmproduktion|ZDF \"\"\\\"\"Das Kleine Fernsehspiel\"\"\\\"\"|Magnolia Filmproduktion|Wüste Film Ost\"\"\"\"3.52012,Forgotten,133396,5.3,,,,,,,",0
Grindstone Entertainment Group|Cheetah Vision|Voltage Pictures|Emmett/Furla Films|Envision Entertainment Corporation|24P Media Group|Picture Perfect Corporation|Knightsbridge Entertainment|Kind Hearts Entertainment,45
"Imar Film Co., Ltd.",537
Ecosse Films|Oscilloscope Laboratories|Film4,83
Walt Disney Productions|United Artists Pictures,8
Check Entertainment,6
Melvin Simon Productions|Astral Bellevue Pathé,2681
Toho Film (Eiga) Co. Ltd.,61
Filmax,187
United Artists|Les Productions Artistes Associés|Produzioni Europee Associati (PEA),1050
Pax Enterprises,3
"\\Zespól Filmowy \"\"\\\"\"Kadr\"\"\\\"\"\\\"\"\"\"3.51988On the Silver Globe (Na srebrnym globie),27072,8.5,,,,,,,",0
Fox Searchlight Pictures,2074
Parkside Pictures|Tadross Media Group|Fixer Film Productions|Benatter/Thomas productions,5
League of Noble Peers,4
Lolafilms|Intuition Films,8
Starkid Productions,35
China Film Group,52
Aspen Productions,2
Hammer Film Productions,771
Metro-Goldwyn-Mayer (MGM),6057
Capelight Pictures|Al!ve AG,60
blue ic,2
Irish Film Board|Blinder Films,1
Zentropa Entertainments,1068
"his sneaky business associate Maurice secretly misappropriates the villa as a hotel while Talbot is away. The current guests of the \"\"\\\"\"hotel\"\"\\\"\" are a group of young American girls.\"\"\"\"0.905633/lfowfGKFlzKPjcxf7NwwqQ5cRmV.jpg,Universal International Pictures (UI)|Raoul Walsh Enterprises,2,1961,Come September,22386,6.9,,,,",0
"enters into a Faustian pact in which he trades his soul for a handful of \"\"\\\"\"magic\"\"\\\"\" bullets that always hit the mark. A mysterious and mythical story.\"\"\"\"0.091984/3phxETl3dV31eAbcML1pBt5x0EC.jpg,Új Budapest Filmstudió|Union Générale Cinématographique (UGC)|Vega Film,2,1994,Magic Hunter (Büvös vadász),172198,6,,,,",0
Renn Productions|Films A2|DD Productions|AMLF|Télévision Suisse-Romande (TSR)|RAI Radiotelevisione Italiana,3556
TLA Releasing,36
Le Bureau|Film4|Free Range Films,55
Warner Bros.|Edward R. Pressman Film|Gary Kurfirst Pictures|True Stories Venture,224
Paramount Vantage|Andrea Sperling Productions|Indian Paintbrush|Super Crispy Entertainment|Ascension Productions,450
Orange Pictures,21
Shooting Gallery|Bórd Scannán na hÉireann|British Broadcasting Corporation (BBC)|Treasure Entertainment|Radio Telefís Éireann (RTÉ)|Easkel Media,317
Internacional Films Espagnol|Alpine Productions|Peppercorn-Wormser Inc,118
Walt Disney,2930
Johnson Production Group,5
Lotte Entertainment,2
Kadokawa Shoten Publishing Co.|Victor Entertainment,1
(주)로제타시네마,6
Twentieth Century Fox Film Corporation|Laurence Mark Productions|Davis Entertainment|Overbrook Entertainment|Mediastream Vierte Film GmbH & Co. Vermarktungs KG|Canlaws Productions,17848
Fida cinematografica|Balcázar Producciones Cinematográficas,1
Cool Cat Productions,14
Coralta Cinematografica,4
4,79
Omega Entertainment,2
DEFA,21
Darius Films,13
Vía Digital|Good Machine|El Deseo S.A.|Antena 3 Televisión,4199
JW Films|Pulse Films|Iconoclast,23
"\"\\Canal+|Zespól Filmowy \"\"\\\"\"Tor\"\"\\\"\"|Norsk Film|Sidéral Productions\"\"\"\"11991,\"Double Life of Veronique",41
Automatik Entertainment|Circle of Confusion|Skybound Entertainment|Oddfellows Entertainment,82
Fine Line Features|Senator Film Produktion|Beverly Detroit|StudioCanal|Partizan|Good Machine,865
Noram Entertainment,36
Allied Artists Pictures,5
Miramax Films|Dimension Films|Trans Atlantic Entertainment,1937
"his sneaky business associate Maurice secretly misappropriates the villa as a hotel while Talbot is away. The current guests of the \"\"\\\"\"hotel\"\"\\\"\" are a group of young American girls.\"\"\"\"0.905633/lfowfGKFlzKPjcxf7NwwqQ5cRmV.jpg,Universal International Pictures (UI)|Raoul Walsh Enterprises,3,1961,Come September,22386,6.9,,,,",0
ABC Circle Films,1
Majid Majidi Film Production,44
HBO Films|Tribeca Productions,69
Zentropa Entertainments|Memfis Film|Northern Lights,4
Forecast Pictures|Solofilms|JoBro Productions & Film Finance|Trinity Race,115
Blood Relations Co.,441
UTV Motion Pictures,17
"\"\\[{'name': \"\"\\\"\"Societé d'Exploitation et de Distribution de Films (SEDIF)\"\"\\\"\"\"\"11938,\"Marseillaise",0
NetFlix|Pretty Pictures|XYZ Films|Wigwam Films,133
VideoFilmes|Buena Onda Films,31
Daiei Studios,125
Cohen Media Group|Aeroplan Film,82
Vía Digital|Lolafilms|Antena 3 Televisión,119
Head Gear Films|Bankside Films|Fiesta Productions,4
his first stop is the girl's locker room,0
Nouvelles Éditions de Films (NEF),5
Paralite Productions Ltd.|Israeli Film Fund|Torus|Arte France|Metro Communications|Arsam International|Ariel Films,104
Arka Media Works,100
Korchula Productions,5
Sigma Films Ltd.|Irish Film Board|Blinder Films,31
Westdeutscher Rundfunk (WDR)|ARD Degeto Film|Südwestrundfunk (SWR)|Zero One Film,3
Paramount Pictures|Sierra Alta Productions,3
Metro-Goldwyn-Mayer (MGM)|Avon Productions (II),11
O2 Filmes|Working Title Films|PeaPie Films,71
Leon Schlesinger Studios,3
\Multimedia Est},0
Kennedy Miller,245
Sonet Film AB,2
Epix,12
Three Mills Studios,7
"\"\\Canal+|Zespól Filmowy \"\"\\\"\"Tor\"\"\\\"\"|Norsk Film|Sidéral Productions\"\"\"\"21991,\"Double Life of Veronique",103
Viacom Productions|Dean Hargrove Productions,1
Aparte Film,1
"Universal Pictures|China Film Co-Production Corporation|Relativity Media|Alphaville Films|Sommers Company, The",1633
Doxa Producciones,2
40 Acres & A Mule Filmworks|Touchstone Pictures,1837
Paramount Pictures|Rysher Entertainment,183
Crown Film Unit,11
Miramax Films|Mirage Enterprises,245
Associated British Picture Corporation (ABPC),9
In-Cine Compania Industrial Cinematografica|Northern|Walker Films Limited,26
Lions Gate,8
Telefe|A Contracorriente Films|Pampa Films|Directv,19
Paradis Films|Classic|Nisarga,12
Epic Productions|Euphoria Films Production,846
Jafar Panahi Film Productions,83
Twentieth Century Fox Film Corporation|Summit Entertainment|Constantin Film.,205
Lions Gate Films|Cinelaw|Infinity Entertainment|Mooseface Films Inc.,4
Filmsonor|Zebra Films|Mondex Films|Les Films Odéon,19
United British Artists (UBA)|Cannon Screen Entertainment,231
Bold Films|Blumhouse Productions|Right of Way Films,10907
Rolin Films,5
Société Nouvelle de Cinématographie|Les Films Impéria|Les Productions Georges de Beauregard,2278
Golden Harvest Company|The Movie Company Pty. Ltd.|Australian Film Development Corporation|British Empire Films Australia,3
Tropicfilm,1
Divisadero Pictures,4
Tig Productions|Majestic Films International|Warner Bros.|Newcomm|RCS,87
Toho Company|Sedic International,812
FilmFernsehFonds Bayern|Komplizen Film|Filmförderungsanstalt (FFA)|Rat Pack Filmproduktion|Südwestrundfunk (SWR)|Hochschule für Fernsehen und Film München (HFF)|Hochschule für Gestaltung Karlsruhe|KaufmannWöbke GbR|Filmförderung Baden-Württemberg (MFG),15
"\"\"\\\"\"normal\"\"\\\"\" turns out to be a state of mind...an elusive state of mind.\"\"\"\"0.357354/8ePXLqsui5Bc8340NnzwsO2USG0.jpg,,2.5,2001,Maniacts,210739,6.5,,,,",0
Filmové Studio Barrandov,3
TVINDIE Film Production|Le Tax Shelter du Gouvernement Fédéral de Belgique|Eyeworks Egmond,5
Renn Productions|TF1 Films Production|Canal+|Chez Wam|Katharina,31
Viacom 18 Motion Pictures|Anurag Kashyap Films,3
EuropaCorp,157
Instituto Cubano del Arte e Industrias Cinematográficos (ICAIC)|RTV Comercial|Mincult,6
Continental Motion Pictures|M&C Films|Royal Films,4
Acid Bath Productions,1
Nordisk Film,3
"\"\\Canal+|Zespól Filmowy \"\"\\\"\"Tor\"\"\\\"\"|Norsk Film|Sidéral Productions\"\"\"\"0.51991,\"Double Life of Veronique",12
Davis-Films|Czech Anglo Productions|Wandering Star Pictures,561
Nu Image Films,1
TriStar Pictures|Iguana Producciones|Baltimore Pictures|Sniper Productions,400
Zenshinza Theatre Company|P.C.L. Film Studio,10
Voltage pictures|Worldview Entertainment|ANA Media|Picture Perfect (I),568
Blueline Films,5
Lorimar Film Entertainment|CIP Filmproduktion GmbH|Northstar International,1114
David Grubin Productions,3
DiNovi Pictures|Gerber Pictures|Gaylord Films|Warner Bros.|Sloane Square Films|HSI Tomorrow Film,1464
Eddie Wong Films|Wildheart Films,1
Chris/Rose Productions|The Hallmark Channel|Entertainment One,2
Estudios Churubusco Azteca,7
Universal Pictures|Spyglass Entertainment|Bazelevs Production|Kickstart Productions|Marc Platt Productions|Top Cow Productions|Relativity Media|Ringerike Zweite Filmproduktion|Revolution Sun Studios,5354
Clay now resists the widow when she presses him to continue with their sexual affairs. Clay inadvertently befriends a serial killer named Lester Long,0
Magnet Releasing|Drafthouse Films|Timpson Films,67
Diaphana Films,22
Jadran Film|Artemis Film|Franz Seitz Filmproduktion|Bioskop Film|Argos Films|Film Polski|Hallelujah Films|GGB-14,1601
Code Entertainment|Neverland Films,1143
Prescience Film Fund|UK Film Council,24
U.S. Army Signal Corps|British Service Units,2
Roxy Film|MTM Cineteve|Pro 7,15
Stourwater Pictures,2
"Pioneer Pictures|Shaken, Not Stirred Productions|Martin Chase Productions",5
Temple Hill Productions|Relativity Media,619
Irish Film Board|Fastnet Films,3
Trimark Pictures|Cinetel Films|Yankee Entertainment Group,1
Icon Productions|Infinity Features Entertainment|Irish Dreamtime|Icon Entertainment International|Canadian Film or Video Production Tax Credit (CPTC)|Province of British Columbia Film Incentive BC|Butterfly Productions|Chum Television,163
Paramount Pictures|Embassy Pictures,53
Columbia Pictures,2398
Larry Levinson Productions|Hallmark Entertainment|Russian World Studios,1
Cinemasia|Bohemian Films,372
Fantefilm,81
Screen Media Films|Siempre Viva Productions,15
Romana Film|Société Nouvelle de Cinématographie (SNC),1
"enters into a Faustian pact in which he trades his soul for a handful of \"\"\\\"\"magic\"\"\\\"\" bullets that always hit the mark. A mysterious and mythical story.\"\"\"\"0.091984/3phxETl3dV31eAbcML1pBt5x0EC.jpg,Új Budapest Filmstudió|Union Générale Cinématographique (UGC)|Vega Film,3.5,1994,Magic Hunter (Büvös vadász),172198,6,,,,",0
Phantom Productions|Fox Star Studios,10
EM Media|The Bureau|Glendale Picture Company|Synchronicity Films,285
Davis-Films|Nu Image Films|LionsGate|Millennium Films|Ex3 Productions|Fipex Holding,1101
Mankurt Media,85
Films & Casting Temple|Australia India Film Fund,2
Caravan Pictures|Hollywood Pictures,2067
Films 59|Portabella Film,1
Universal Pictures|Mirage Enterprises|Northern Lights Entertainment,502
Golden Harvest Company,75
Universal Pictures|StudioCanal|Working Title Films|Perfect World Pictures|Miramax,375
Universal Pictures International,10
Black Fawn Films|Breakthrough Entertainment Productions,18
Rai Cinema,1
Cappa Productions|Hart-Sharp Entertainment|Crush Entertainment,3149
Walt Disney Pictures|Fountain Films,15
Renaissance Pictures,6473
Solar Productions|Filmways Pictures|Metro-Goldwyn-Mayer (MGM),234
Oriental Elegy is the surreal journey of a displaced spirit (Aleksandr Sokurov) as he wanders in the interminable darkness through the temporal landscape of a quaint and isolated feudal-era fishing village. Guided by a series of faintly illuminated rooms,2
M6 Films|Odessa Films|Saga Pictures|Jones Film|NTTS Productions Ltd.,13
Canal+Polska|Alhena Films|Canal+|Compagnie des Films|Film+ Pologne|Visa Films,14
"the young girl soon discovers the real-life horrors of Argentina's relatively recent past and the nightmare that claimed tens of thousands of lives during the country's \"\"\\\"\"dirty war.\"\"\\\"\"\\\"\"\"\"0.783709/3sX64gQz3lo9OOX0hyD8fZ1KRLs.jpg,4,,,21616,7.7,,,,",0
Nordisk Films Kompagni A/S|AB Europa Film|Novaris Film,2
Planet Filmplays,2
Paulist Pictures,185
Farmhouse Film & TV,1
84324,0
Téléfilm Canada|Société de Développement des Entreprises Culturelles (SODEC)|Super Écran|Forum Films [ca],2
Lynn Peak Productions|Studio West Productions(VCC),0
Kadokawa Haruki Jimusho|Office Henmi,3
MC4 Productions|Société Générale de Gestion Cinématographique (SGGC)|Duckster Productions,5
Rollins-Joffe Productions,7891
Sveriges Radio (SR)|Gray-Film,10
Antidote Films (I),5
Golan-Globus Productions,2
Home Box Office (HBO),4
Nu Boyana Viburno,34
Channel Four Films|Film 4|Picturehouse Entertainment,21
Twentieth Century Fox Film Corporation|Twentieth Century-Fox Productions,4
Società Generale Cinematografica|Chamartín Producciones y Distribuciones|Napoleon Film,1
Lakeshore Entertainment|Alphaville Films,2982
Twentieth Century Fox Film Corporation|SLM Production Group,9
France 2 (FR2)|Blue Film|Ad Vitim Distribution|C.G. Cinema,25
Film Afrika,70
Happinet Pictures|Toho Company|Akita Publishing,78
SC Films International|Baumgarten Management and Productions (BMP)|Thorbak|SC International Pictures|Thor Pictures,27
O2 Filmes|Chaya Films|Laroux-Ciné,18
Nazimova Productions,3
"\\[{'name': \"\"\\\"\"Les Films d'Ici\"\"\\\"\"\"\"22013,Age of Uprising: The Legend of Michael Kohlhaas (Michael Kohlhaas),186971,,,,,,,,",0
Paramount Pictures|Universal Pictures|Nickelodeon Network|Paramount Animation,10
Bigel Entertainment|Contento Films|Rebel Films,1
Twentieth Century Fox Film Corporation|Working Title Films|Circle Films,4643
hopes to win the affections of Zhen and his beautiful wife,1
Australian Broadcasting Corporation|British Broadcasting Corporation (BBC),29
El Deseo|Matanza Cine|Telefe|Fox International Productions (FIP)|Kramer & Sigman Films,41
Itchy Fish Film,4
Babelsberg Film GmbH|Beta Film|Erfttal Film|Rat Pack Filmproduktion|Warner Bros.|B. A. Filmproduktion,6
Twentieth Century Fox Film Corporation|Robert Simonds Productions|Runteldat Entertainment,108
Film Division of General Teleradio|Visual Drama Inc.,1
Liaison Cinématographique|Artémis Productions,6
Golden Way Films Ltd.|Paragon Films Ltd.|Golden Harvest Company Ltd.,43
2,66
Carousel Picture Company|ApolloMedia Distribution|Ravenhouse Entertainment,1
Schorr Pictures|Provenance Pictures|RCR Pictures,59
United Artists|Tritone Cinematografica|T.O.T.A.,35
Magic Elevator,13
"\"\\Canal+|Zespól Filmowy \"\"\\\"\"Tor\"\"\\\"\"|Norsk Film|Sidéral Productions\"\"\"\"1.51991,\"Double Life of Veronique",7
Les Films Corona|Selenia Cinematografica|Les Films Gibé,111
Quintessence Films|Wanted Worldwide|Illiz,7
Von Vietinghoff Filmproduktion|Vega Film|Télévision Suisse-Romande (TSR)|Mozgókép Innovációs Társulás és Alapítvány|Magyar Televízió,87
Terra Film Produktion|Fidès|Cité Films|G.E.S.I. Cinematografica,1
Maipo Film,4
NetFlix,161
Silver Nitrate Pictures|Dead Birds Films,67
Entertainment Securities,7
Brandman Productions|Sony Pictures Television|TWS Productions II,60
Channel Four Films|PolyGram Filmed Entertainment|Working Title Films,10507
Bentley Filmgroup|Eden Wurmfeld Films|Hammer The Movie,150
Ascot Elite Home Entertainment,6
Billy Jack Enterprises,149
Arco Films,3
IFC Productions,2
National Film Board of Canada,7
Columbia Pictures Corporation,1725
Paramount Pictures|Emanuel Cohen Productions,4
Independent Film Channel,561
Twentieth Century Fox Film Corporation|Scott Free Productions|Firm Films|Prospect Park|Millbrook Farm Productions,1637
Sahamongkolfilm Co.,3
"Geffen Company, The",9590
Marubeni|Together Brothers Productions,4
Warner Bros.|Dog Eat Dog Films,8087
Anthony and Pedro get released on a technicality,0
Dentsu Inc.,36
New Line Cinema|Contrafilm|Mid Atlantic Films|Hungarian National Film Office|Lazio Film Commission|Rome Film Commission|Italian Tax Credit,607
"\\Zespól Filmowy \"\"\\\"\"X\"\"\\\"\"\\\"\"\"\"0.51981A Woman Alone,42983,5,,,,,,,",0
Warner Bros.|International Cinema,13
Silver Lining Film Group|Magic Hour Entertainment|Naked Edge Films,15
Mili Pictures,11
Egoli Tossell Film AG|Steel Mill Pictures|Entre Chien et Loup|Filmgate Films|Logie Pictures|Altitude Film Entertainment|Film House Germany|Maven Pictures,773
Prescience|Fairview Entertainment|Altus Media,1471
Ingenious Film Partners|Electric Entertainment|Skydance Productions|Flyboys Films,448
Metro-Goldwyn-Mayer (MGM)|Mandeville Films|WWE Studios|Hyde Park Entertainment|Burke/Samples/Foster Productions|Cub Eight Productions,1251
Artfire Films|The 7th Floor|A24|Initial A Entertainment|IM Global Octane,12
Summit Entertainment|20th Century Fox Home Entertainment|Constantin Film Produktion,32
Les Films Concordia|Compagnia Cinematografica Champion,75
Films A2|Albina Productions S.a.r.l.|Société Française de Production (SFP),4
Regency Enterprises|Haft Entertainment|New Regency Pictures|KirchMedia,1454
Katsu Production Co. Ltd.,32
Mod Producciones|Apaches Entertainment,8
National Picture Show Entertainment|Yeniceri Produksiyon A.S.,14
CTB Film Company,595
Olga Film GmbH|Bayerischer Banken-Fonds,6
"\" as a gaggle of beloved stereotypes pursue \"\"\\\"\"that rarest of radioactive elements - atmospherium.\"\"\\\"\"\\\"\"\"\"2.073869/95atRe931dzznTIIFzDi4yiXgjs.jpgFragmighty|Transom Films|Valenti Entertainment,2.5,2002,\"Lost Skeleton of Cadavra",12
Bac Films|Rai Cinemafiction|Istituto Luce|Eurimages|Rai Cinema|Zweites Deutsches Fernsehen (ZDF)|Canal+|Arte France Cinéma|Greek Film Center|Hellenic Radio & Television (ERT)|ZDF/Arte|Network Movie Film-und Fernsehproduktion|Networxx - Film Management|Attica Art Productions|Intermédias|Theo Angelopoulos Films|Classic|Movie Reinhold Elschot,23
Downtown Filmes,1
FilmNation Entertainment|Buckeye Pictures|Broad Green Pictures,81
Walt Disney Pictures|Disney Channel,29
Paramount Pictures|Dino de Laurentiis Cinematografica|BHE Films|Verona Produzione,3377
American International Pictures (AIP),647
Corporation for Public Broadcasting (CPB)|Independent Television Service (ITVS)|Loud Mouth Films,2
Revolution Studios|Cube Vision|RKO Pictures|Revolution Dream Productions,220
Wicked Pixel Cinema,1
Columbia Pictures|Blinding Edge Pictures|Overbrook Entertainment,1205
Hollywood Partners|Carol Baum Productions|Bregman-IAC Productions|Living Pictures|The Pitt Group|Carolina Torn Asunder Inc.,78
Universal Pictures|Gibraltar Productions|The Corman Company,17
Lynch Films,64
"\" as a gaggle of beloved stereotypes pursue \"\"\\\"\"that rarest of radioactive elements - atmospherium.\"\"\\\"\"\\\"\"\"\"2.073869/95atRe931dzznTIIFzDi4yiXgjs.jpgFragmighty|Transom Films|Valenti Entertainment,0.5,2002,\"Lost Skeleton of Cadavra",11
Imagine Entertainment|Universal Animation Studios|Toon City,11
Warner Bros.|Ford-Smith Productions,17
BBC,1
Ghost House Pictures,16
RHI Entertainment,2
Red & Black Films,365
Toho Company|Fuji Television Network|Cine Bazar,1
Universal Pictures|Spyglass Entertainment|Epsilon Motion Pictures|CCLA Productions,215
P.P. Film Polski,142
Minds Eye Entertainment|Moving Pictures Media|International Pictures Three|Gloucester Place Films,17
"\"\\Canal+|Zespól Filmowy \"\"\\\"\"Tor\"\"\\\"\"|Norsk Film|Sidéral Productions\"\"\"\"31991,\"Double Life of Veronique",308
Warner Bros. Pictures|Atlas Entertainment|Cartoon Network Studios|Nine/8 Entertainment,68
Thin Man Films,10
Bethsabée Mucho,2
Columbia Broadcasting System (CBS),2
Lionsgate|The Tyler Perry Company,35
Centre National de la Cinématographie|Razor Film Produktion GmbH|Rhône-Alpes Cinéma|Filmförderungsanstalt (FFA)|Canal+|Arte France|CinéCinéma|Arte France Cinéma|Medienboard Berlin-Brandenburg|Région Ile-de-France|Les Films Pelléas|WDR / Arte|Jouror Productions|Région Rhône-Alpes|Cinémage 5|Cofimage 22,23
Twentieth Century Fox Film Corporation|Bert E. Friedlob Productions,1
Long Shong Pictures|Bojon Films Company Ltd.,2
Amblin Entertainment|TriStar Pictures,16837
Eurimages|Hrvatska Radiotelevizija (HRT)|Mainframe Productions|Studio Maj|NP7|Yodie Movie Craftsman,2
British Lion Film Corporation|Samuel Goldwyn Company|United British Artists (UBA)|CBS Theatrical Films|britannic,135
"\\[{'name': \"\"\\\"\"Les Films d'Ici\"\"\\\"\"\"\"12013,Age of Uprising: The Legend of Michael Kohlhaas (Michael Kohlhaas),186971,,,,,,,,",0
West Film,237
Blumhouse Productions|3 Ring Circus Films,172
Zillion Films,2
Corporation Image M & M|Societe Radio Cinema,242
Corazón International|Bezar Film,5
Greek Film Center|Studio 217|Theo Angelopoulos Films|Multichoice Hellas-Nova|Classic|Lichtmeer Film GmbH,13
Favorite Films,115
